text,label
Email: candidate023@example.com,other
Deloitte Professional Certificate in Data Analytics Certificate | 2024,certifications
"Motivated Software Developer with knowledge of Python, HTML, Java, Git and a strong interest in solving real-world problems.",summary
"Master of Computer Applications, XYZ College, 2022 - 2024",education
"Motivated Talent Acquisition Executive with knowledge of Recruitment, HRMS, Talent Acquisition, Communication and a strong interest in solving real-world problems.",summary
LinkedIn: linkedin.com/in/candidate011,other
"Bachelor of Science in Information Technology, Institute of Technology, 2022 - 2025",education
Awarded for improved dashboard accuracy by 40% for internal operations.,achievements
"Master of Business Administration, Institute of Technology, 2020 - 2022",education
Completed Digital Marketing Certification from Google,certifications
Udemy — Human Resource Management Certificate,certifications
"Motivated Business Analyst with knowledge of Scikit-learn, Machine Learning, Data Cleaning, SQL and a strong interest in solving real-world problems.",summary
"Motivated Recruiter with knowledge of Payroll, Employee Engagement, Performance Management, Onboarding and a strong interest in solving real-world problems.",summary
HubSpot Professional Certificate in Digital Marketing Certification | 2022,certifications
"Email Marketing, Google Analytics, Social Media Marketing, Meta Ads, Google Ads, Keyword Research",skills
Skills: JavaScript | Git | MongoDB | Python | CSS | HTML | Java,skills
"Marketing Executive at Tech Solutions Pvt Ltd, 2019 - 2020. Worked on Google Analytics related tasks.",experience
Certified in Human Resources Management Certification,certifications
Completed Human Resource Management Certificate from Coursera | 2024,certifications
"Bachelor of Business Administration, ABC University, 2022 - 2026",education
Institute of Technology | Bachelor of Business Administration | 2022 - 2024,education
"Built Inventory Management System with Git, Python, JavaScript.",projects
"Project - Customer Churn Prediction. Used Power BI, Scikit-learn, EDA to solve a practical problem.",projects
"Bachelor of Commerce, Institute of Technology, 2020 - 2024",education
"Motivated Machine Learning Engineer with knowledge of SQL, Pandas, Scikit-learn, Python and a strong interest in solving real-world problems.",summary
"Pandas, Matplotlib, Machine Learning",skills
"Project - Inventory Management System. Used JavaScript, Python, Java to solve a practical problem.",projects
"Business Analyst at Growth Digital Agency, 2024 - 2026. Worked on Data Cleaning related tasks.",experience
Master of Computer Applications from ABC University (2021 - 2023),education
Worked as Data Analyst with ABC Technologies from 2024 to 2025.,experience
School of Management | Bachelor of Science in Information Technology | 2021 - 2023,education
HubSpot Professional Certificate in Web Development Certificate | 2024,certifications
"Built Anomaly Detection System with Power BI, Pandas, Python.",projects
"Built Sales Analytics Dashboard with Power BI, Pandas, Scikit-learn.",projects
"Master of Business Administration, ABC University, 2022 - 2026",education
Worked as Business Analyst with Tech Solutions Pvt Ltd from 2020 to Present.,experience
Institute of Technology | Bachelor of Science in Information Technology | 2019 - 2022,education
"Motivated Business Analyst with knowledge of NumPy, EDA, Pandas, Power BI and a strong interest in solving real-world problems.",summary
ABC University | Bachelor of Science in Information Technology | 2018 - 2021,education
"Online Booking Platform: Developed using Git, MySQL, HTML.",projects
Phone: +91 9000000002,other
"Motivated Social Media Manager with knowledge of Google Ads, Social Media Marketing, Content Marketing, Keyword Research and a strong interest in solving real-world problems.",summary
GitHub: github.com/candidate009,other
Institute of Technology | Bachelor of Computer Applications | 2019 - 2022,education
Successfully improved recruitment efficiency by 35% for internal operations.,achievements
"Master of Computer Applications, Institute of Technology, 2018 - 2022",education
"Master of Business Administration, PES University, 2024 - 2026",education
"Motivated Digital Marketing Executive with knowledge of SEO, Google Ads, Google Analytics, Keyword Research and a strong interest in solving real-world problems.",summary
"Motivated Recruiter with knowledge of Communication, HRMS, Onboarding, Performance Management and a strong interest in solving real-world problems.",summary
Skills: Communication | Performance Management | Talent Acquisition | Employee Engagement | Payroll,skills
"Project - Inventory Management System. Used MongoDB, MySQL, HTML to solve a practical problem.",projects
LinkedIn: linkedin.com/in/candidate014,other
School of Management | Bachelor of Business Administration | 2020 - 2024,education
Skills: Content Marketing | Google Analytics | SEO | Social Media Marketing | Email Marketing,skills
GitHub: github.com/candidate010,other
"Master of Computer Applications, XYZ College, 2022 - 2025",education
Achievement: improved recruitment efficiency by 10% for internal operations.,achievements
Portfolio: www.candidate021.com,other
Received recognition after improved recruitment efficiency by 20% for internal operations.,achievements
XYZ College | Master of Business Administration | 2018 - 2022,education
"Bachelor of Computer Applications, School of Management, 2020 - 2024",education
"Machine Learning, Power BI, Matplotlib",skills
Skills: Content Marketing | Social Media Marketing | Meta Ads | Google Analytics | SEO | Email Marketing | Google Ads,skills
"Motivated SEO Specialist with knowledge of Content Marketing, Google Ads, Google Analytics, SEO and a strong interest in solving real-world problems.",summary
"Core Skills: Talent Acquisition, HRMS, Performance Management, Onboarding, Recruitment",skills
Successfully improved employee engagement by 30% for a team project.,achievements
"Motivated Frontend Developer with knowledge of MySQL, MongoDB, Git, Python and a strong interest in solving real-world problems.",summary
School of Management | Bachelor of Commerce | 2022 - 2024,education
Worked as Data Analyst with Tech Solutions Pvt Ltd from 2020 to 2022.,experience
Worked as SEO Specialist with DataVision Analytics from 2019 to Present.,experience
School of Management | Bachelor of Computer Applications | 2021 - 2023,education
"Motivated Recruiter with knowledge of Communication, Payroll, Recruitment, Talent Acquisition and a strong interest in solving real-world problems.",summary
GitHub: github.com/candidate025,other
"Motivated Web Developer with knowledge of HTML, CSS, FastAPI, Bootstrap and a strong interest in solving real-world problems.",summary
"Motivated Business Analyst with knowledge of Data Cleaning, Python, SQL, EDA and a strong interest in solving real-world problems.",summary
"Master of Computer Applications, Institute of Technology, 2022 - 2025",education
"Technical Skills: Onboarding, Employee Engagement, Talent Acquisition",skills
"Motivated Talent Acquisition Executive with knowledge of Onboarding, Recruitment, Performance Management, Employee Engagement and a strong interest in solving real-world problems.",summary
Achievement: automated reporting workflow by 35% during an academic project.,achievements
Certification: Coursera Data Analytics Certificate | 2024,certifications
Email: candidate020@example.com,other
"Technical Skills: Java, MongoDB, HTML, Bootstrap, Git, JavaScript",skills
Udemy Professional Certificate in Power BI Data Analyst Certificate | 2026,certifications
"Motivated Recruiter with knowledge of Talent Acquisition, Performance Management, Communication, Employee Engagement and a strong interest in solving real-world problems.",summary
"Marketing Executive at ABC Technologies, 2021 - Present. Worked on Meta Ads related tasks.",experience
Achievement: improved employee engagement by 30% across three departments.,achievements
LinkedIn: linkedin.com/in/candidate003,other
"MySQL, Java, Git",skills
Awarded for improved recruitment efficiency by 15% for a team project.,achievements
"Project - Employee Performance Study. Used Recruitment, Communication, Payroll to solve a practical problem.",projects
"Recruiter at ABC Technologies, 2020 - 2022. Worked on Performance Management related tasks.",experience
Worked as Marketing Executive with Tech Solutions Pvt Ltd from 2019 to 2021.,experience
"Scikit-learn, NumPy, Machine Learning",skills
Bachelor of Business Administration from PES University (2022 - 2025),education
Recognized for improved dashboard accuracy by 20% for a client project.,achievements
"Project - Employee Engagement Analysis. Used Recruitment, Onboarding, Communication to solve a practical problem.",projects
"Machine Learning Engineer at ABC Technologies, 2024 - 2025. Worked on NumPy related tasks.",experience
Award: Improved campaign engagement by 35%,achievements
Skills: Employee Engagement | Performance Management | Onboarding | Recruitment | Talent Acquisition | Communication | Payroll,skills
"Motivated SEO Specialist with knowledge of Google Analytics, Content Marketing, Social Media Marketing, Google Ads and a strong interest in solving real-world problems.",summary
Worked as Recruiter with DataVision Analytics from 2019 to 2020.,experience
"Motivated Backend Developer with knowledge of CSS, MongoDB, FastAPI, Java and a strong interest in solving real-world problems.",summary
"Inventory Management System: Developed using Git, MongoDB, MySQL.",projects
"Motivated Digital Marketing Executive with knowledge of Content Marketing, Email Marketing, Social Media Marketing, Keyword Research and a strong interest in solving real-world problems.",summary
Udemy Professional Certificate in Web Development Certificate,certifications
"Built E-Commerce Web Application with Python, FastAPI, MySQL.",projects
Phone: +91 9000000008,other
Achievement: Won first prize in college project competition,achievements
GitHub: github.com/candidate020,other
Awarded for increased website traffic by 20% for a client project.,achievements
XYZ College | Master of Business Administration | 2022 - 2025,education
Certification: IBM Talent Acquisition Certificate,certifications
"Technical Skills: Email Marketing, SEO, Meta Ads",skills
Received recognition after reduced data processing errors by 50% for a client project.,achievements
"Built Customer Churn Prediction with Python, Data Cleaning, Pandas.",projects
Awarded for improved recruitment efficiency by 35% across multiple campaigns.,achievements
Skills: Email Marketing | Google Ads | Social Media Marketing | SEO | Content Marketing,skills
"Core Skills: Keyword Research, Google Ads, SEO, Google Analytics, Email Marketing, Content Marketing, Social Media Marketing",skills
"Digital Marketing Campaign: Developed using Email Marketing, Social Media Marketing, Keyword Research.",projects
Skills: SEO | Content Marketing | Google Analytics | Meta Ads | Google Ads | Social Media Marketing,skills
Worked as Frontend Developer with ABC Technologies from 2022 to 2024.,experience
Award: Achieved top performer recognition,achievements
Recognized for reduced processing time by 50% for a client project.,achievements
"Location: Chennai, Tamil Nadu",other
Bachelor of Business Administration from School of Management (2024 - 2028),education
GitHub: github.com/candidate024,other
"Bachelor of Business Administration, School of Management, 2024 - 2028",education
"Motivated Business Analyst with knowledge of Scikit-learn, Python, EDA, Pandas and a strong interest in solving real-world problems.",summary
"Time Series Forecasting: Developed using SQL, Scikit-learn, Machine Learning.",projects
"Project - Employee Performance Study. Used Onboarding, Employee Engagement, HRMS to solve a practical problem.",projects
Skills: Social Media Marketing | Google Ads | Content Marketing,skills
Portfolio: www.candidate016.com,other
School of Management | Bachelor of Commerce | 2020 - 2024,education
"Core Skills: Social Media Marketing, Content Marketing, Email Marketing",skills
Successfully improved customer satisfaction by 30% for a client project.,achievements
"Built Employee Engagement Analysis with Talent Acquisition, Performance Management, HRMS.",projects
"Project - Inventory Management System. Used JavaScript, FastAPI, MySQL to solve a practical problem.",projects
"Frontend Developer at Growth Digital Agency, 2021 - 2023. Worked on Git related tasks.",experience
Worked as Recruiter with Growth Digital Agency from 2020 to 2021.,experience
Recognized for improved employee engagement by 20% during an academic project.,achievements
LinkedIn: linkedin.com/in/candidate007,other
"Built Digital Marketing Campaign with Google Analytics, Email Marketing, Content Marketing.",projects
Bachelor of Commerce from XYZ College (2023 - 2026),education
"Built SEO Optimization Project with Google Analytics, Keyword Research, Social Media Marketing.",projects
AWS Cloud Practitioner Certification,certifications
"Talent Acquisition Executive at Growth Digital Agency, 2024 - 2026. Worked on Talent Acquisition related tasks.",experience
"Project - Social Media Growth Campaign. Used Meta Ads, Social Media Marketing, Email Marketing to solve a practical problem.",projects
"Service Provider System: Developed using Java, MySQL, JavaScript.",projects
"Machine Learning Engineer at Tech Solutions Pvt Ltd, 2022 - Present. Worked on Machine Learning related tasks.",experience
Worked as HR Executive with Growth Digital Agency from 2023 to Present.,experience
LinkedIn: linkedin.com/in/candidate008,other
"Bachelor of Science in Information Technology, ABC University, 2022 - 2025",education
"Inventory Management System: Developed using Python, Bootstrap, HTML.",projects
Skills: HRMS | Recruitment | Onboarding | Performance Management | Payroll,skills
Achievement: improved recruitment efficiency by 25% during an academic project.,achievements
Institute of Technology | Bachelor of Commerce | 2019 - 2021,education
School of Management | Bachelor of Commerce | 2019 - 2023,education
"Core Skills: Matplotlib, Power BI, Python, SQL",skills
Portfolio: www.candidate010.com,other
Bachelor of Science in Information Technology from XYZ College (2022 - 2024),education
LinkedIn: linkedin.com/in/candidate002,other
Successfully increased campaign engagement by 50% during internship.,achievements
Awarded for improved customer satisfaction by 10% across three departments.,achievements
Skills: Java | MySQL | CSS | Bootstrap | HTML | JavaScript,skills
"Payroll, Communication, HRMS",skills
Certification: Meta Talent Acquisition Certificate | 2023,certifications
"Motivated Data Scientist with knowledge of EDA, Data Cleaning, Pandas, NumPy and a strong interest in solving real-world problems.",summary
British Airways — Cloud Fundamentals Certification | 2026,certifications
Completed Machine Learning Certificate from Meta,certifications
"Motivated Frontend Developer with knowledge of HTML, Python, Git, CSS and a strong interest in solving real-world problems.",summary
Certification: Human Resources Management Certification,certifications
Successfully improved employee engagement by 25% during a university competition.,achievements
"Master of Business Administration, School of Management, 2019 - 2022",education
Skills: Git | MySQL | JavaScript | HTML | CSS,skills
"Technical Skills: Email Marketing, Content Marketing, SEO, Social Media Marketing",skills
"Talent Acquisition Executive at PeopleFirst HR, 2022 - 2024. Worked on Employee Engagement related tasks.",experience
"Core Skills: Content Marketing, Google Ads, SEO, Social Media Marketing, Email Marketing, Meta Ads, Google Analytics",skills
GitHub: github.com/candidate013,other
"Motivated Talent Acquisition Executive with knowledge of Communication, Recruitment, Employee Engagement, Onboarding and a strong interest in solving real-world problems.",summary
Completed Talent Acquisition Certificate from IBM,certifications
"Built Inventory Management System with Python, FastAPI, JavaScript.",projects
Completed Human Resource Management Certificate from IBM,certifications
"Talent Acquisition, Payroll, Performance Management, Employee Engagement, HRMS, Onboarding",skills
Achievement: improved customer satisfaction by 30% during a university competition.,achievements
"Employee Engagement, Performance Management, Communication, Recruitment, Payroll, Talent Acquisition, HRMS",skills
Successfully automated reporting workflow by 10% during a university competition.,achievements
"Digital Marketing Executive at Tech Solutions Pvt Ltd, 2021 - 2022. Worked on SEO related tasks.",experience
IBM — Python for Data Science Certificate | 2023,certifications
School of Management | Master of Business Administration | 2019 - 2022,education
Worked as Talent Acquisition Executive with DataVision Analytics from 2019 to 2020.,experience
Completed Digital Marketing Certification from AWS | 2022,certifications
"Project - Marketing Analytics Dashboard. Used Meta Ads, SEO, Keyword Research to solve a practical problem.",projects
"Motivated Social Media Manager with knowledge of SEO, Keyword Research, Google Ads, Google Analytics and a strong interest in solving real-world problems.",summary
Certified in Cloud Fundamentals Certification by LinkedIn Learning,certifications
Worked as Frontend Developer with PeopleFirst HR from 2023 to Present.,experience
Skills: MySQL | FastAPI | Python | Java | CSS | JavaScript | HTML,skills
"Motivated Digital Marketing Executive with knowledge of Content Marketing, Meta Ads, Email Marketing, Social Media Marketing and a strong interest in solving real-world problems.",summary
Reduced processing time by 25%,achievements
Awarded for optimized application performance by 35% for a client project.,achievements
"Technical Skills: Talent Acquisition, HRMS, Performance Management, Communication, Employee Engagement, Onboarding, Recruitment",skills
Meta — Machine Learning Certificate | 2025,certifications
Award: Received Employee of the Month award,achievements
"Project - Customer Churn Prediction. Used Data Cleaning, SQL, Power BI to solve a practical problem.",projects
Awarded for improved dashboard accuracy by 35% during a university competition.,achievements
Certification: Udemy SQL Fundamentals Certificate | 2025,certifications
"Performance Management, Communication, Onboarding",skills
Certified in Business Analytics Certificate by Udemy | 2024,certifications
"Project - Sales Analytics Dashboard. Used Pandas, EDA, Matplotlib to solve a practical problem.",projects
"HR Analytics Dashboard: Developed using Onboarding, Performance Management, Talent Acquisition.",projects
Email: candidate010@example.com,other
LinkedIn: linkedin.com/in/candidate025,other
AWS — Data Analytics Certificate,certifications
"Bachelor of Science in Information Technology, PES University, 2023 - 2027",education
Certification: British Airways SEO Fundamentals Certificate,certifications
Received recognition after increased campaign engagement by 25% during internship.,achievements
"Core Skills: Talent Acquisition, Employee Engagement, HRMS, Payroll",skills
"E-Commerce Web Application: Developed using Bootstrap, CSS, Git.",projects
Skills: HRMS | Recruitment | Payroll | Performance Management | Employee Engagement | Communication,skills
"Built E-Commerce Web Application with Bootstrap, CSS, Java.",projects
Worked as HR Manager with DataVision Analytics from 2024 to 2026.,experience
GitHub: github.com/candidate014,other
Received recognition after optimized application performance by 50% during a university competition.,achievements
Recognized for improved employee engagement by 30% for internal operations.,achievements
Achievement: improved employee engagement by 30% for a team project.,achievements
"Technical Skills: Python, JavaScript, MySQL, CSS, Bootstrap, HTML, MongoDB",skills
"Data Scientist at Growth Digital Agency, 2019 - 2021. Worked on Pandas related tasks.",experience
Google — Business Analytics Certificate,certifications
"Motivated Frontend Developer with knowledge of Git, CSS, Python, Bootstrap and a strong interest in solving real-world problems.",summary
"Technical Skills: HRMS, Performance Management, Onboarding, Payroll, Talent Acquisition, Employee Engagement",skills
"Project - SEO Optimization Project. Used SEO, Email Marketing, Google Ads to solve a practical problem.",projects
"Master of Business Administration, Institute of Technology, 2022 - 2026",education
"Motivated Frontend Developer with knowledge of JavaScript, Bootstrap, MongoDB, Java and a strong interest in solving real-world problems.",summary
Awarded for automated reporting workflow by 40% during a university competition.,achievements
"Marketing Analytics Dashboard: Developed using Google Analytics, Google Ads, Content Marketing.",projects
Received recognition after reduced data processing errors by 50% during a university competition.,achievements
Bachelor of Commerce from School of Management (2023 - 2025),education
British Airways Professional Certificate in SEO Fundamentals Certificate,certifications
Worked as Data Analyst with Growth Digital Agency from 2021 to 2023.,experience
Email: candidate026@example.com,other
Certified in Business Analytics Certificate by British Airways,certifications
Master of Business Administration from School of Management (2021 - 2025),education
Bachelor of Commerce from School of Management (2019 - 2022),education
"Motivated Machine Learning Engineer with knowledge of Pandas, Power BI, SQL, Data Cleaning and a strong interest in solving real-world problems.",summary
Certification: LinkedIn Learning Power BI Data Analyst Certificate | 2025,certifications
"Motivated Data Scientist with knowledge of Scikit-learn, NumPy, Python, Matplotlib and a strong interest in solving real-world problems.",summary
"Full Stack Developer at Growth Digital Agency, 2019 - Present. Worked on MongoDB related tasks.",experience
"Project - Online Booking Platform. Used JavaScript, Java, Bootstrap to solve a practical problem.",projects
Successfully improved dashboard accuracy by 10% for a team project.,achievements
"Motivated Frontend Developer with knowledge of Python, HTML, Git, FastAPI and a strong interest in solving real-world problems.",summary
"Motivated Web Developer with knowledge of MongoDB, CSS, FastAPI, Git and a strong interest in solving real-world problems.",summary
"Project - Employee Performance Study. Used Performance Management, Onboarding, Talent Acquisition to solve a practical problem.",projects
Bachelor of Science in Information Technology from Institute of Technology (2021 - 2024),education
ABC University | Master of Business Administration | 2021 - 2025,education
"Motivated Backend Developer with knowledge of Java, FastAPI, CSS, HTML and a strong interest in solving real-world problems.",summary
Completed SQL Fundamentals Certificate from HubSpot | 2025,certifications
Achievement: optimized application performance by 35% for a team project.,achievements
Skills: SQL | Python | Scikit-learn | Machine Learning,skills
"Business Analyst at PeopleFirst HR, 2022 - 2023. Worked on Python related tasks.",experience
"Technical Skills: Content Marketing, Google Ads, Google Analytics",skills
Phone: +91 9000000021,other
Worked as Full Stack Developer with ABC Technologies from 2022 to Present.,experience
School of Management | Bachelor of Science in Information Technology | 2024 - 2026,education
Successfully improved employee engagement by 50% across multiple campaigns.,achievements
"Social Media Growth Campaign: Developed using Social Media Marketing, Email Marketing, SEO.",projects
"Recruitment Tracking System: Developed using Onboarding, Communication, Recruitment.",projects
Completed Web Development Certificate from Great Learning,certifications
Worked as Business Analyst with DataVision Analytics from 2023 to Present.,experience
"Recruiter at PeopleFirst HR, 2021 - 2022. Worked on Performance Management related tasks.",experience
Achievement: Improved campaign engagement by 35%,achievements
Worked as Recruiter with Growth Digital Agency from 2023 to Present.,experience
"HR Manager at ABC Technologies, 2019 - Present. Worked on Employee Engagement related tasks.",experience
Digital Marketing Certification,certifications
"Project - Sales Analytics Dashboard. Used Power BI, SQL, EDA to solve a practical problem.",projects
LinkedIn Learning Professional Certificate in Power BI Data Analyst Certificate,certifications
"Machine Learning, Python, Scikit-learn",skills
"Motivated Talent Acquisition Executive with knowledge of Recruitment, Payroll, Employee Engagement, Performance Management and a strong interest in solving real-world problems.",summary
"Motivated Data Analyst with knowledge of Data Cleaning, EDA, SQL, Python and a strong interest in solving real-world problems.",summary
"Technical Skills: Bootstrap, MongoDB, FastAPI, HTML, JavaScript",skills
"Master of Business Administration, PES University, 2019 - 2021",education
"Motivated HR Manager with knowledge of Onboarding, Payroll, Recruitment, Employee Engagement and a strong interest in solving real-world problems.",summary
Email: candidate008@example.com,other
Coursera — SEO Fundamentals Certificate,certifications
"Motivated Data Analyst with knowledge of EDA, Pandas, Scikit-learn, Matplotlib and a strong interest in solving real-world problems.",summary
Google — SQL Fundamentals Certificate,certifications
"Built Marketing Analytics Dashboard with Social Media Marketing, Keyword Research, Email Marketing.",projects
Recognized for reduced data processing errors by 50% for a client project.,achievements
"Project - Recruitment Tracking System. Used Onboarding, Communication, Payroll to solve a practical problem.",projects
Completed Power BI Data Analyst Certificate from HubSpot,certifications
Completed Python for Data Science Certificate from Coursera | 2022,certifications
GitHub: github.com/candidate003,other
XYZ College | Master of Business Administration | 2020 - 2022,education
Portfolio: www.candidate022.com,other
Master of Computer Applications from Institute of Technology (2020 - 2022),education
Email: candidate021@example.com,other
"Motivated Data Scientist with knowledge of SQL, Power BI, Machine Learning, Scikit-learn and a strong interest in solving real-world problems.",summary
LinkedIn Learning — Human Resource Management Certificate | 2022,certifications
"Web Developer at Tech Solutions Pvt Ltd, 2024 - 2026. Worked on MongoDB related tasks.",experience
Received recognition after increased campaign engagement by 20% during internship.,achievements
Certified in Data Analytics Certificate by AWS | 2026,certifications
GitHub: github.com/candidate015,other
Certified in Python for Data Science Certificate by Udemy | 2024,certifications
Achievement: improved dashboard accuracy by 10% for a team project.,achievements
"Git, MongoDB, JavaScript, FastAPI",skills
Portfolio: www.candidate025.com,other
"Built Recruitment Tracking System with Payroll, Performance Management, Employee Engagement.",projects
Completed Human Resource Management Certificate from IBM | 2023,certifications
Achievement: reduced data processing errors by 35% for a team project.,achievements
"Motivated SEO Specialist with knowledge of Keyword Research, Google Analytics, Meta Ads, Content Marketing and a strong interest in solving real-world problems.",summary
"Motivated Backend Developer with knowledge of HTML, Java, Bootstrap, Python and a strong interest in solving real-world problems.",summary
Google — SEO Fundamentals Certificate | 2026,certifications
"Core Skills: Social Media Marketing, Google Analytics, Meta Ads, Keyword Research, Google Ads, Content Marketing",skills
"Motivated Social Media Manager with knowledge of Social Media Marketing, Google Ads, Meta Ads, Email Marketing and a strong interest in solving real-world problems.",summary
Worked as Business Analyst with ABC Technologies from 2024 to 2025.,experience
Phone: +91 9000000020,other
"Core Skills: FastAPI, Bootstrap, CSS, Git, Python",skills
ABC University | Bachelor of Science in Information Technology | 2024 - 2027,education
Certified in Python for Data Science Certificate,certifications
Portfolio: www.candidate003.com,other
"Built E-Commerce Web Application with Java, Bootstrap, FastAPI.",projects
LinkedIn: linkedin.com/in/candidate017,other
"Built HR Analytics Dashboard with Recruitment, Talent Acquisition, Performance Management.",projects
Successfully improved customer satisfaction by 20% across three departments.,achievements
Worked as Data Analyst with DataVision Analytics from 2021 to 2022.,experience
"Frontend Developer at Growth Digital Agency, 2021 - 2023. Worked on Java related tasks.",experience
Phone: +91 9000000011,other
"Social Media Manager at PeopleFirst HR, 2023 - 2025. Worked on Meta Ads related tasks.",experience
"Sales Analytics Dashboard: Developed using Scikit-learn, Matplotlib, EDA.",projects
"Core Skills: FastAPI, MongoDB, Python, HTML, MySQL",skills
Recognized for improved employee engagement by 15% during an academic project.,achievements
Skills: MongoDB | Java | JavaScript | Python,skills
XYZ College | Master of Computer Applications | 2023 - 2025,education
"Motivated HR Executive with knowledge of Employee Engagement, Talent Acquisition, Performance Management, Payroll and a strong interest in solving real-world problems.",summary
"Motivated Digital Marketing Executive with knowledge of Meta Ads, SEO, Google Analytics, Keyword Research and a strong interest in solving real-world problems.",summary
ABC University | Master of Computer Applications | 2021 - 2025,education
Phone: +91 9000000006,other
Worked as Business Analyst with Growth Digital Agency from 2019 to Present.,experience
"Marketing Analytics Dashboard: Developed using Social Media Marketing, Keyword Research, Meta Ads.",projects
"Talent Acquisition, Payroll, Employee Engagement, Onboarding, Communication, Performance Management, Recruitment",skills
LinkedIn: linkedin.com/in/candidate005,other
"Motivated SEO Specialist with knowledge of Social Media Marketing, Email Marketing, Google Analytics, SEO and a strong interest in solving real-world problems.",summary
Portfolio: www.candidate018.com,other
Master of Business Administration from Institute of Technology (2021 - 2024),education
British Airways — Business Analytics Certificate,certifications
Microsoft Professional Certificate in Human Resource Management Certificate | 2026,certifications
"Built Employee Engagement Analysis with Performance Management, Onboarding, Employee Engagement.",projects
"Web Developer at Tech Solutions Pvt Ltd, 2020 - Present. Worked on FastAPI related tasks.",experience
"Built Anomaly Detection System with Python, Machine Learning, Power BI.",projects
Worked as Marketing Executive with PeopleFirst HR from 2021 to 2023.,experience
Awarded for reduced processing time by 25% during a university competition.,achievements
Master of Business Administration from Institute of Technology (2023 - 2027),education
Skills: Google Ads | Content Marketing | Keyword Research,skills
Skills: Google Ads | Content Marketing | SEO | Social Media Marketing | Keyword Research | Google Analytics,skills
"Motivated HR Executive with knowledge of Communication, Talent Acquisition, Performance Management, Payroll and a strong interest in solving real-world problems.",summary
"Bachelor of Business Administration, ABC University, 2019 - 2021",education
"Marketing Executive at Growth Digital Agency, 2021 - 2023. Worked on Content Marketing related tasks.",experience
"Motivated Data Analyst with knowledge of SQL, Machine Learning, Power BI, NumPy and a strong interest in solving real-world problems.",summary
"Master of Computer Applications, School of Management, 2023 - 2026",education
"Motivated Data Analyst with knowledge of Pandas, Power BI, Machine Learning, Data Cleaning and a strong interest in solving real-world problems.",summary
Certification: LinkedIn Learning Talent Acquisition Certificate,certifications
"Motivated Data Scientist with knowledge of Machine Learning, Python, Matplotlib, Pandas and a strong interest in solving real-world problems.",summary
"Software Developer at DataVision Analytics, 2023 - 2024. Worked on FastAPI related tasks.",experience
"Technical Skills: Talent Acquisition, Performance Management, Communication, Employee Engagement, Payroll",skills
"Motivated Frontend Developer with knowledge of JavaScript, HTML, Bootstrap, Python and a strong interest in solving real-world problems.",summary
Award: Reduced processing time by 25%,achievements
GitHub: github.com/candidate002,other
"Languages: English, Marathi, Hindi",other
"Motivated Web Developer with knowledge of Bootstrap, HTML, MySQL, MongoDB and a strong interest in solving real-world problems.",summary
Recognized for reduced processing time by 30% during a university competition.,achievements
"Social Media Growth Campaign: Developed using Social Media Marketing, Keyword Research, SEO.",projects
"Built Online Booking Platform with JavaScript, Git, Python.",projects
"Marketing Executive at DataVision Analytics, 2023 - 2025. Worked on Social Media Marketing related tasks.",experience
"Location: Delhi, India",other
Achievement: improved employee engagement by 15% during internship.,achievements
Worked as Social Media Manager with Tech Solutions Pvt Ltd from 2019 to Present.,experience
"SEO Specialist at DataVision Analytics, 2021 - Present. Worked on Content Marketing related tasks.",experience
"Bachelor of Business Administration, XYZ College, 2019 - 2022",education
Recognized for reduced data processing errors by 10% across three departments.,achievements
XYZ College | Master of Computer Applications | 2020 - 2024,education
Recognized for optimized application performance by 40% during a university competition.,achievements
Master of Business Administration from School of Management (2023 - 2026),education
LinkedIn Learning Professional Certificate in Cloud Fundamentals Certification | 2024,certifications
Portfolio: www.candidate019.com,other
"Digital Marketing Executive at DataVision Analytics, 2024 - 2026. Worked on Google Analytics related tasks.",experience
Google Professional Certificate in SQL Fundamentals Certificate | 2025,certifications
"Project - Marketing Analytics Dashboard. Used Google Analytics, Email Marketing, Meta Ads to solve a practical problem.",projects
Achieved top performer recognition,achievements
"Motivated Talent Acquisition Executive with knowledge of HRMS, Performance Management, Talent Acquisition, Employee Engagement and a strong interest in solving real-world problems.",summary
"Built Social Media Growth Campaign with SEO, Social Media Marketing, Email Marketing.",projects
"Motivated Social Media Manager with knowledge of Social Media Marketing, Google Ads, Keyword Research, Meta Ads and a strong interest in solving real-world problems.",summary
Certified in Human Resource Management Certificate by Meta | 2023,certifications
"Project - Anomaly Detection System. Used SQL, Python, NumPy to solve a practical problem.",projects
Master of Business Administration from Institute of Technology (2020 - 2022),education
Awarded for improved recruitment efficiency by 15% during an academic project.,achievements
Skills: MySQL | Git | HTML | MongoDB | CSS | Java,skills
"Bachelor of Science in Information Technology, ABC University, 2021 - 2024",education
LinkedIn: linkedin.com/in/candidate010,other
Institute of Technology | Master of Business Administration | 2024 - 2027,education
School of Management | Master of Computer Applications | 2021 - 2023,education
"E-Commerce Web Application: Developed using Bootstrap, JavaScript, FastAPI.",projects
"Marketing Executive at DataVision Analytics, 2021 - 2023. Worked on Keyword Research related tasks.",experience
Worked as Business Analyst with ABC Technologies from 2022 to Present.,experience
"Location: Mumbai, Maharashtra",other
"Scikit-learn, Data Cleaning, Python, EDA, NumPy, Power BI, Matplotlib",skills
LinkedIn: linkedin.com/in/candidate006,other
"Master of Computer Applications, ABC University, 2020 - 2024",education
"Motivated Business Analyst with knowledge of Power BI, SQL, NumPy, EDA and a strong interest in solving real-world problems.",summary
"Bachelor of Business Administration, Institute of Technology, 2019 - 2023",education
"Core Skills: Talent Acquisition, Onboarding, Performance Management, Payroll",skills
"Project - Digital Marketing Campaign. Used Meta Ads, SEO, Google Ads to solve a practical problem.",projects
"Employee Engagement Analysis: Developed using Communication, Employee Engagement, Onboarding.",projects
Worked as Business Analyst with DataVision Analytics from 2020 to Present.,experience
"SEO Specialist at Growth Digital Agency, 2020 - 2022. Worked on Meta Ads related tasks.",experience
"Project - Online Booking Platform. Used HTML, JavaScript, FastAPI to solve a practical problem.",projects
"Technical Skills: Java, HTML, CSS, FastAPI, Bootstrap, MySQL",skills
"Backend Developer at PeopleFirst HR, 2021 - 2023. Worked on MySQL related tasks.",experience
"Built Recruitment Tracking System with Talent Acquisition, Employee Engagement, Onboarding.",projects
Institute of Technology | Master of Computer Applications | 2023 - 2027,education
"Built Digital Marketing Campaign with Google Ads, SEO, Meta Ads.",projects
"HR Executive at DataVision Analytics, 2022 - 2023. Worked on Talent Acquisition related tasks.",experience
"SEO Specialist at DataVision Analytics, 2022 - 2023. Worked on Google Analytics related tasks.",experience
Skills: Keyword Research | Social Media Marketing | Google Analytics | Email Marketing | SEO | Google Ads,skills
"Motivated HR Manager with knowledge of HRMS, Recruitment, Performance Management, Communication and a strong interest in solving real-world problems.",summary
LinkedIn: linkedin.com/in/candidate019,other
"Project - Customer Churn Prediction. Used NumPy, Data Cleaning, Matplotlib to solve a practical problem.",projects
Worked as HR Executive with PeopleFirst HR from 2019 to 2021.,experience
"Motivated Web Developer with knowledge of FastAPI, HTML, MySQL, CSS and a strong interest in solving real-world problems.",summary
Certification: AWS Cloud Practitioner Certification,certifications
AWS Professional Certificate in Digital Marketing Certification | 2025,certifications
Certified in AWS Cloud Practitioner Certification,certifications
"Motivated Machine Learning Engineer with knowledge of Matplotlib, EDA, Python, Power BI and a strong interest in solving real-world problems.",summary
"Business Analyst at PeopleFirst HR, 2022 - 2024. Worked on Matplotlib related tasks.",experience
"Technical Skills: Meta Ads, Social Media Marketing, Google Analytics, Google Ads, Keyword Research, SEO, Email Marketing",skills
"Technical Skills: MySQL, MongoDB, Python, CSS, Git",skills
"Master of Business Administration, School of Management, 2018 - 2020",education
"Bachelor of Commerce, PES University, 2023 - 2026",education
Bachelor of Commerce from XYZ College (2018 - 2020),education
"Bachelor of Science in Information Technology, PES University, 2023 - 2025",education
Skills: Bootstrap | MySQL | FastAPI,skills
Achievement: improved employee engagement by 35% during internship.,achievements
"Motivated SEO Specialist with knowledge of Content Marketing, SEO, Google Analytics, Google Ads and a strong interest in solving real-world problems.",summary
"HR Executive at PeopleFirst HR, 2021 - 2022. Worked on Onboarding related tasks.",experience
Achievement: improved dashboard accuracy by 10% during a university competition.,achievements
Award: Won first prize in college project competition,achievements
Human Resources Management Certification,certifications
Awarded for improved employee engagement by 20% for a team project.,achievements
"Built Employee Performance Study with HRMS, Payroll, Onboarding.",projects
Certification: IBM Talent Acquisition Certificate | 2024,certifications
Certified in Google Data Analytics Professional Certificate,certifications
"Project - HR Analytics Dashboard. Used Performance Management, Recruitment, HRMS to solve a practical problem.",projects
"Motivated Talent Acquisition Executive with knowledge of Onboarding, Communication, Employee Engagement, Payroll and a strong interest in solving real-world problems.",summary
Completed Business Analytics Certificate from AWS,certifications
"Built Customer Churn Prediction with Machine Learning, NumPy, Pandas.",projects
"Recruiter at ABC Technologies, 2021 - 2022. Worked on Payroll related tasks.",experience
Email: candidate005@example.com,other
GitHub: github.com/candidate007,other
XYZ College | Master of Business Administration | 2018 - 2021,education
Skills: SEO | Google Analytics | Meta Ads,skills
Received recognition after increased website traffic by 35% during a university competition.,achievements
Achievement: reduced processing time by 50% during internship.,achievements
Bachelor of Business Administration from Institute of Technology (2023 - 2025),education
Worked as Machine Learning Engineer with ABC Technologies from 2022 to 2023.,experience
"Core Skills: Git, MySQL, CSS, Python, Java, JavaScript",skills
Bachelor of Science in Information Technology from School of Management (2020 - 2024),education
"Technical Skills: Performance Management, Employee Engagement, Onboarding",skills
IBM Professional Certificate in Digital Marketing Certification,certifications
Worked as Recruiter with Growth Digital Agency from 2021 to Present.,experience
"Built E-Commerce Web Application with CSS, HTML, MongoDB.",projects
PES University | Bachelor of Business Administration | 2020 - 2023,education
"Location: Ahmedabad, Gujarat",other
Email: candidate006@example.com,other
Completed Machine Learning Certificate from AWS | 2026,certifications
Recognized for: Won first prize in college project competition,achievements
Email: candidate015@example.com,other
Skills: JavaScript | Bootstrap | FastAPI,skills
Completed Python for Data Science Certificate,certifications
"Data Scientist at Growth Digital Agency, 2024 - Present. Worked on Pandas related tasks.",experience
"Motivated Frontend Developer with knowledge of FastAPI, CSS, Java, MySQL and a strong interest in solving real-world problems.",summary
"Motivated Data Scientist with knowledge of Power BI, NumPy, Scikit-learn, Data Cleaning and a strong interest in solving real-world problems.",summary
"Frontend Developer at Tech Solutions Pvt Ltd, 2023 - Present. Worked on Java related tasks.",experience
"Motivated Full Stack Developer with knowledge of Python, CSS, JavaScript, MongoDB and a strong interest in solving real-world problems.",summary
HubSpot — Cloud Fundamentals Certification | 2025,certifications
"Business Analyst at DataVision Analytics, 2023 - 2024. Worked on NumPy related tasks.",experience
ABC University | Bachelor of Commerce | 2018 - 2022,education
Bachelor of Computer Applications from XYZ College (2021 - 2025),education
"Technical Skills: Data Cleaning, Python, Power BI, Scikit-learn",skills
"SEO, Social Media Marketing, Meta Ads, Google Ads, Content Marketing, Email Marketing",skills
Worked as Talent Acquisition Executive with PeopleFirst HR from 2024 to 2025.,experience
Certification: IBM Human Resource Management Certificate | 2024,certifications
"SEO Specialist at Growth Digital Agency, 2021 - 2022. Worked on Google Analytics related tasks.",experience
Bachelor of Computer Applications from XYZ College (2021 - 2023),education
Certification: Udemy Web Development Certificate,certifications
"Motivated Frontend Developer with knowledge of Java, CSS, FastAPI, Git and a strong interest in solving real-world problems.",summary
"Motivated HR Manager with knowledge of Payroll, Talent Acquisition, Recruitment, Onboarding and a strong interest in solving real-world problems.",summary
"Data Analyst at Tech Solutions Pvt Ltd, 2021 - Present. Worked on Scikit-learn related tasks.",experience
"Motivated HR Executive with knowledge of Performance Management, HRMS, Talent Acquisition, Employee Engagement and a strong interest in solving real-world problems.",summary
"Backend Developer at PeopleFirst HR, 2024 - 2025. Worked on Python related tasks.",experience
Portfolio: www.candidate014.com,other
"Built E-Commerce Web Application with MongoDB, Java, Bootstrap.",projects
LinkedIn: linkedin.com/in/candidate024,other
"Location: Pune, Maharashtra",other
"HR Analytics Dashboard: Developed using HRMS, Payroll, Recruitment.",projects
"Bachelor of Business Administration, School of Management, 2021 - 2023",education
Worked as Frontend Developer with ABC Technologies from 2024 to 2026.,experience
GitHub: github.com/candidate004,other
Portfolio: www.candidate001.com,other
Bachelor of Business Administration from XYZ College (2023 - 2025),education
"Data Cleaning, SQL, NumPy",skills
"Machine Learning Engineer at PeopleFirst HR, 2021 - Present. Worked on Scikit-learn related tasks.",experience
"Recruiter at ABC Technologies, 2019 - 2020. Worked on Communication related tasks.",experience
"Motivated SEO Specialist with knowledge of Google Ads, SEO, Keyword Research, Meta Ads and a strong interest in solving real-world problems.",summary
Bachelor of Commerce from PES University (2022 - 2025),education
"Project - Employee Engagement Analysis. Used HRMS, Onboarding, Talent Acquisition to solve a practical problem.",projects
XYZ College | Master of Business Administration | 2021 - 2025,education
LinkedIn: linkedin.com/in/candidate026,other
Received recognition after automated reporting workflow by 30% during internship.,achievements
Email: candidate001@example.com,other
"Motivated Software Developer with knowledge of Python, CSS, HTML, Java and a strong interest in solving real-world problems.",summary
Worked as Data Scientist with Growth Digital Agency from 2019 to Present.,experience
"Built Anomaly Detection System with EDA, Power BI, Scikit-learn.",projects
"Motivated Digital Marketing Executive with knowledge of Google Ads, Google Analytics, Content Marketing, Keyword Research and a strong interest in solving real-world problems.",summary
"Data Cleaning, Scikit-learn, Machine Learning",skills
LinkedIn: linkedin.com/in/candidate,other
"Python, Matplotlib, Scikit-learn, NumPy",skills
Skills: Data Cleaning | NumPy | Machine Learning | Pandas | EDA | Power BI,skills
"Motivated SEO Specialist with knowledge of Google Ads, Social Media Marketing, Meta Ads, SEO and a strong interest in solving real-world problems.",summary
Email: candidate011@example.com,other
"Bachelor of Commerce, XYZ College, 2022 - 2025",education
"Motivated Data Analyst with knowledge of Power BI, Python, EDA, Scikit-learn and a strong interest in solving real-world problems.",summary
IBM Professional Certificate in Power BI Data Analyst Certificate | 2024,certifications
"Power BI, Scikit-learn, Machine Learning, Data Cleaning, Matplotlib, Pandas",skills
GitHub: github.com/candidate018,other
"Motivated Marketing Executive with knowledge of Content Marketing, SEO, Email Marketing, Keyword Research and a strong interest in solving real-world problems.",summary
"Bachelor of Commerce, PES University, 2019 - 2022",education
Coursera Professional Certificate in Web Development Certificate,certifications
Master of Business Administration from PES University (2020 - 2024),education
Awarded for improved customer satisfaction by 10% for internal operations.,achievements
"HR Manager at Growth Digital Agency, 2021 - Present. Worked on HRMS related tasks.",experience
GitHub: github.com/candidate016,other
"Motivated Digital Marketing Executive with knowledge of SEO, Google Analytics, Email Marketing, Keyword Research and a strong interest in solving real-world problems.",summary
"Recruiter at PeopleFirst HR, 2022 - 2024. Worked on Onboarding related tasks.",experience
LinkedIn: linkedin.com/in/candidate009,other
"Web Developer at Tech Solutions Pvt Ltd, 2020 - 2022. Worked on Java related tasks.",experience
Skills: Meta Ads | SEO | Google Analytics | Social Media Marketing | Content Marketing,skills
Email: candidate019@example.com,other
Email: candidate@example.com,other
Worked as Data Analyst with Tech Solutions Pvt Ltd from 2019 to Present.,experience
Phone: +91 9000000026,other
"Motivated Data Scientist with knowledge of Scikit-learn, Pandas, SQL, NumPy and a strong interest in solving real-world problems.",summary
"Data Analyst at Tech Solutions Pvt Ltd, 2019 - 2020. Worked on Scikit-learn related tasks.",experience
AWS — SEO Fundamentals Certificate,certifications
XYZ College | Master of Business Administration | 2023 - 2025,education
Bachelor of Computer Applications from PES University (2021 - 2025),education
"Project - Digital Marketing Campaign. Used Meta Ads, Content Marketing, Social Media Marketing to solve a practical problem.",projects
Certification: Coursera Human Resource Management Certificate,certifications
"Technical Skills: Pandas, Python, Scikit-learn, Machine Learning, SQL",skills
Certification: LinkedIn Learning Business Analytics Certificate,certifications
Meta Professional Certificate in Machine Learning Certificate | 2026,certifications
Portfolio: www.candidate024.com,other
Recognized for: Reduced processing time by 25%,achievements
"Social Media Manager at Growth Digital Agency, 2023 - 2025. Worked on SEO related tasks.",experience
Completed SEO Fundamentals Certificate from Microsoft | 2026,certifications
"Built Marketing Analytics Dashboard with Social Media Marketing, Content Marketing, Email Marketing.",projects
Achievement: improved employee engagement by 30% during internship.,achievements
LinkedIn: linkedin.com/in/candidate015,other
Master of Business Administration from PES University (2019 - 2021),education
Worked as Data Analyst with DataVision Analytics from 2020 to Present.,experience
Awarded for optimized application performance by 30% across multiple campaigns.,achievements
"Core Skills: Python, JavaScript, CSS",skills
Achievement: improved dashboard accuracy by 35% during internship.,achievements
"Core Skills: HRMS, Onboarding, Performance Management, Communication, Talent Acquisition",skills
"Motivated Business Analyst with knowledge of EDA, Python, SQL, Matplotlib and a strong interest in solving real-world problems.",summary
"Motivated Social Media Manager with knowledge of Keyword Research, Meta Ads, Social Media Marketing, Content Marketing and a strong interest in solving real-world problems.",summary
"HR Executive at Tech Solutions Pvt Ltd, 2024 - Present. Worked on Talent Acquisition related tasks.",experience
"Employee Engagement Analysis: Developed using Communication, Talent Acquisition, HRMS.",projects
"SEO Specialist at ABC Technologies, 2022 - Present. Worked on Social Media Marketing related tasks.",experience
"Motivated Talent Acquisition Executive with knowledge of Employee Engagement, Performance Management, Payroll, HRMS and a strong interest in solving real-world problems.",summary
Certified in SQL Fundamentals Certificate by Udemy,certifications
School of Management | Bachelor of Science in Information Technology | 2022 - 2025,education
Awarded for improved employee engagement by 15% for a client project.,achievements
Worked as Machine Learning Engineer with PeopleFirst HR from 2022 to Present.,experience
Certification: Udemy Business Analytics Certificate | 2026,certifications
"Data Scientist at PeopleFirst HR, 2020 - Present. Worked on Matplotlib related tasks.",experience
"Built Marketing Analytics Dashboard with SEO, Social Media Marketing, Email Marketing.",projects
Bachelor of Commerce from Institute of Technology (2021 - 2023),education
"Bachelor of Commerce, ABC University, 2018 - 2022",education
"Motivated HR Manager with knowledge of Payroll, Communication, Onboarding, Performance Management and a strong interest in solving real-world problems.",summary
"Master of Computer Applications, XYZ College, 2023 - 2025",education
Email: candidate014@example.com,other
"Software Developer at PeopleFirst HR, 2022 - 2024. Worked on Git related tasks.",experience
Certified in Machine Learning Certificate by Coursera | 2024,certifications
Certification: Python for Data Science Certificate,certifications
"Data Cleaning, Power BI, SQL, NumPy, Scikit-learn, Matplotlib",skills
"Full Stack Developer at Growth Digital Agency, 2022 - Present. Worked on MySQL related tasks.",experience
"Motivated HR Manager with knowledge of Payroll, Recruitment, Communication, Onboarding and a strong interest in solving real-world problems.",summary
Successfully optimized application performance by 40% for internal operations.,achievements
Worked as HR Manager with PeopleFirst HR from 2020 to 2022.,experience
"Motivated Machine Learning Engineer with knowledge of Scikit-learn, NumPy, Power BI, SQL and a strong interest in solving real-world problems.",summary
GitHub: github.com/candidate019,other
Skills: Recruitment | Payroll | Communication | Employee Engagement | Performance Management | HRMS,skills
Successfully increased campaign engagement by 25% for a team project.,achievements
Received recognition after improved employee engagement by 50% during an academic project.,achievements
"Technical Skills: Social Media Marketing, Content Marketing, Google Ads",skills
"Motivated Software Developer with knowledge of Java, MySQL, Git, FastAPI and a strong interest in solving real-world problems.",summary
"Motivated Social Media Manager with knowledge of Meta Ads, Google Ads, Social Media Marketing, Content Marketing and a strong interest in solving real-world problems.",summary
"Bachelor of Science in Information Technology, XYZ College, 2022 - 2026",education
Portfolio: www.candidate013.com,other
PES University | Bachelor of Computer Applications | 2021 - 2024,education
Received recognition after reduced data processing errors by 15% across three departments.,achievements
"Web Developer at ABC Technologies, 2023 - 2024. Worked on HTML related tasks.",experience
"Project - Anomaly Detection System. Used Matplotlib, Data Cleaning, Pandas to solve a practical problem.",projects
Achievement: Achieved top performer recognition,achievements
Worked as Machine Learning Engineer with DataVision Analytics from 2023 to 2025.,experience
XYZ College | Bachelor of Computer Applications | 2021 - 2025,education
Recognized for optimized application performance by 25% across three departments.,achievements
"Technical Skills: Communication, Onboarding, HRMS, Performance Management, Employee Engagement, Payroll, Talent Acquisition",skills
"Motivated Frontend Developer with knowledge of MySQL, Python, Java, JavaScript and a strong interest in solving real-world problems.",summary
Worked as Digital Marketing Executive with PeopleFirst HR from 2019 to Present.,experience
"Core Skills: Employee Engagement, Payroll, HRMS, Talent Acquisition",skills
GitHub: github.com/candidate008,other
"Technical Skills: Email Marketing, Content Marketing, SEO, Google Ads, Keyword Research, Meta Ads, Google Analytics",skills
Phone: +91 9000000001,other
"Matplotlib, Power BI, Pandas",skills
Worked as Web Developer with ABC Technologies from 2024 to 2026.,experience
Successfully increased website traffic by 20% during an academic project.,achievements
"Built Anomaly Detection System with Power BI, Scikit-learn, Machine Learning.",projects
"HR Manager at ABC Technologies, 2023 - Present. Worked on Recruitment related tasks.",experience
"Motivated Backend Developer with knowledge of MongoDB, Python, HTML, Bootstrap and a strong interest in solving real-world problems.",summary
Recognized for optimized application performance by 30% during a university competition.,achievements
Worked as Frontend Developer with DataVision Analytics from 2021 to Present.,experience
"Technical Skills: Recruitment, Communication, Onboarding, HRMS",skills
"Technical Skills: Power BI, NumPy, Pandas",skills
Successfully reduced data processing errors by 30% across three departments.,achievements
"Motivated Recruiter with knowledge of Talent Acquisition, Onboarding, Employee Engagement, HRMS and a strong interest in solving real-world problems.",summary
LinkedIn: linkedin.com/in/candidate018,other
"Project - Employee Performance Study. Used Payroll, Onboarding, Employee Engagement to solve a practical problem.",projects
Awarded for improved dashboard accuracy by 15% during an academic project.,achievements
"Email Marketing, Keyword Research, Meta Ads, Content Marketing, SEO, Social Media Marketing, Google Analytics",skills
"Motivated Marketing Executive with knowledge of Social Media Marketing, Google Analytics, Google Ads, SEO and a strong interest in solving real-world problems.",summary
"Motivated HR Executive with knowledge of Payroll, Communication, Employee Engagement, Onboarding and a strong interest in solving real-world problems.",summary
Completed Web Development Certificate from Udemy,certifications
"Web Developer at PeopleFirst HR, 2019 - 2020. Worked on FastAPI related tasks.",experience
"SEO Optimization Project: Developed using Google Analytics, Email Marketing, Meta Ads.",projects
Recognized for optimized application performance by 20% for internal operations.,achievements
LinkedIn: linkedin.com/in/candidate020,other
Worked as Data Scientist with DataVision Analytics from 2024 to 2026.,experience
Worked as Machine Learning Engineer with Growth Digital Agency from 2020 to Present.,experience
"Motivated Frontend Developer with knowledge of Python, JavaScript, FastAPI, MongoDB and a strong interest in solving real-world problems.",summary
"Sales Analytics Dashboard: Developed using Machine Learning, Data Cleaning, EDA.",projects
"Social Media Growth Campaign: Developed using Content Marketing, Meta Ads, SEO.",projects
Certification: Google Data Analytics Professional Certificate,certifications
Awarded for reduced processing time by 20% across three departments.,achievements
XYZ College | Bachelor of Business Administration | 2019 - 2022,education
Certification: Deloitte Python for Data Science Certificate | 2025,certifications
Phone: +91 9876543210,other
"Bachelor of Commerce, Institute of Technology, 2024 - 2026",education
Worked as SEO Specialist with ABC Technologies from 2019 to 2020.,experience
"Bootstrap, Java, FastAPI, MySQL, CSS",skills
Python for Data Science Certificate,certifications
Received recognition after improved employee engagement by 30% during an academic project.,achievements
"Bachelor of Science in Information Technology, School of Management, 2021 - 2024",education
Bachelor of Business Administration from School of Management (2020 - 2024),education
"Built Service Provider System with CSS, Python, JavaScript.",projects
"Core Skills: HTML, CSS, JavaScript",skills
"Motivated Web Developer with knowledge of MongoDB, HTML, Git, Python and a strong interest in solving real-world problems.",summary
Recognized for improved employee engagement by 40% across three departments.,achievements
AWS Professional Certificate in SQL Fundamentals Certificate | 2022,certifications
Worked as Business Analyst with Tech Solutions Pvt Ltd from 2023 to Present.,experience
"Motivated Machine Learning Engineer with knowledge of SQL, Python, Data Cleaning, Scikit-learn and a strong interest in solving real-world problems.",summary
"Core Skills: Google Analytics, Keyword Research, Social Media Marketing, Google Ads",skills
LinkedIn: linkedin.com/in/candidate012,other
Skills: Employee Engagement | Communication | Performance Management,skills
Completed Digital Marketing Certification from Meta | 2024,certifications
"Master of Computer Applications, School of Management, 2023 - 2025",education
Certification: British Airways Cloud Fundamentals Certification | 2022,certifications
Successfully reduced data processing errors by 40% during internship.,achievements
Certified in Web Development Certificate by British Airways | 2024,certifications
"Built Service Provider System with MongoDB, Python, FastAPI.",projects
Microsoft Professional Certificate in Data Analytics Certificate | 2022,certifications
"Data Analyst at PeopleFirst HR, 2019 - Present. Worked on SQL related tasks.",experience
Certification: HubSpot Talent Acquisition Certificate | 2026,certifications
Certification: Google Cloud Fundamentals Certification,certifications
Worked as Web Developer with Tech Solutions Pvt Ltd from 2024 to 2025.,experience
PES University | Bachelor of Science in Information Technology | 2020 - 2023,education
"Marketing Analytics Dashboard: Developed using Meta Ads, Social Media Marketing, Google Ads.",projects
Received Employee of the Month award,achievements
Recognized for optimized application performance by 10% during internship.,achievements
Bachelor of Commerce from ABC University (2018 - 2020),education
Master of Computer Applications from XYZ College (2022 - 2025),education
"Motivated Full Stack Developer with knowledge of Bootstrap, HTML, JavaScript, CSS and a strong interest in solving real-world problems.",summary
GitHub: github.com/candidate011,other
Certified in Cloud Fundamentals Certification by Coursera | 2022,certifications
Worked as SEO Specialist with Tech Solutions Pvt Ltd from 2023 to 2025.,experience
Awarded for automated reporting workflow by 40% across three departments.,achievements
"Built SEO Optimization Project with Keyword Research, Google Analytics, Social Media Marketing.",projects
"Motivated Marketing Executive with knowledge of Keyword Research, Social Media Marketing, Google Ads, Email Marketing and a strong interest in solving real-world problems.",summary
"Bachelor of Computer Applications, ABC University, 2022 - 2025",education
"Project - Time Series Forecasting. Used Python, Data Cleaning, Scikit-learn to solve a practical problem.",projects
"Project - Time Series Forecasting. Used Matplotlib, Python, NumPy to solve a practical problem.",projects
"Motivated Web Developer with knowledge of JavaScript, Git, MySQL, CSS and a strong interest in solving real-world problems.",summary
Email: candidate017@example.com,other
"HR Executive at Growth Digital Agency, 2024 - Present. Worked on Onboarding related tasks.",experience
IBM Professional Certificate in Cloud Fundamentals Certification,certifications
Successfully improved dashboard accuracy by 10% for a client project.,achievements
Successfully improved customer satisfaction by 25% across three departments.,achievements
"Motivated Data Analyst with knowledge of SQL, NumPy, Pandas, EDA and a strong interest in solving real-world problems.",summary
"Bachelor of Commerce, School of Management, 2024 - 2027",education
Google Data Analytics Professional Certificate,certifications
Worked as Web Developer with Growth Digital Agency from 2021 to 2022.,experience
"Motivated Social Media Manager with knowledge of Social Media Marketing, Keyword Research, Meta Ads, Google Analytics and a strong interest in solving real-world problems.",summary
"Core Skills: Keyword Research, SEO, Social Media Marketing, Google Ads",skills
School of Management | Bachelor of Computer Applications | 2018 - 2021,education
Worked as Digital Marketing Executive with Tech Solutions Pvt Ltd from 2019 to Present.,experience
"Core Skills: Google Ads, Google Analytics, Keyword Research, Email Marketing, Social Media Marketing",skills
Microsoft — Business Analytics Certificate,certifications
"Bachelor of Computer Applications, XYZ College, 2021 - 2023",education
"Anomaly Detection System: Developed using Python, EDA, Machine Learning.",projects
Worked as Marketing Executive with ABC Technologies from 2021 to 2022.,experience
Portfolio: www.candidate011.com,other
"Built Online Booking Platform with Java, Bootstrap, FastAPI.",projects
"Built SEO Optimization Project with Social Media Marketing, Content Marketing, Email Marketing.",projects
"Languages: English, Hindi, Gujarati",other
GitHub: github.com/candidate022,other
Achievement: improved employee engagement by 35% for internal operations.,achievements
Recognized for reduced data processing errors by 35% for internal operations.,achievements
"Technical Skills: EDA, Machine Learning, SQL, Matplotlib, Power BI, Python",skills
Bachelor of Business Administration from School of Management (2023 - 2026),education
"Motivated Data Analyst with knowledge of Matplotlib, SQL, Machine Learning, Power BI and a strong interest in solving real-world problems.",summary
Achievement: Reduced processing time by 25%,achievements
XYZ College | Bachelor of Business Administration | 2018 - 2022,education
"Project - Service Provider System. Used Bootstrap, Java, HTML to solve a practical problem.",projects
"Surat, Gujarat, India",other
Certification: Coursera Python for Data Science Certificate | 2026,certifications
"Core Skills: CSS, MongoDB, JavaScript, Python, HTML, MySQL",skills
Skills: NumPy | EDA | Pandas,skills
"Motivated Full Stack Developer with knowledge of MongoDB, Java, FastAPI, Python and a strong interest in solving real-world problems.",summary
"Marketing Executive at ABC Technologies, 2022 - 2024. Worked on Meta Ads related tasks.",experience
"Motivated Frontend Developer with knowledge of JavaScript, MongoDB, Python, CSS and a strong interest in solving real-world problems.",summary
Bachelor of Commerce from PES University (2018 - 2022),education
"Online Booking Platform: Developed using Python, Bootstrap, CSS.",projects
Portfolio: www.candidate006.com,other
"Languages: English, Hindi",other
"Marketing Analytics Dashboard: Developed using Keyword Research, Email Marketing, Google Analytics.",projects
Achievement: optimized application performance by 30% during a university competition.,achievements
"Bachelor of Commerce, ABC University, 2024 - 2026",education
PES University | Bachelor of Computer Applications | 2018 - 2020,education
Received recognition after increased campaign engagement by 25% across multiple campaigns.,achievements
"Technical Skills: Employee Engagement, Communication, Talent Acquisition",skills
"Technical Skills: EDA, Power BI, Python, NumPy, Pandas",skills
Recognized for: Improved campaign engagement by 35%,achievements
Successfully reduced data processing errors by 25% during a university competition.,achievements
"Motivated Data Scientist with knowledge of EDA, Python, Power BI, Scikit-learn and a strong interest in solving real-world problems.",summary
Recognized for: Achieved top performer recognition,achievements
"Motivated Marketing Executive with knowledge of Social Media Marketing, SEO, Keyword Research, Content Marketing and a strong interest in solving real-world problems.",summary
Certification: Microsoft Business Analytics Certificate,certifications
"Core Skills: MySQL, Python, JavaScript, CSS",skills
"Built Anomaly Detection System with Matplotlib, SQL, Python.",projects
"Motivated HR Manager with knowledge of HRMS, Payroll, Communication, Recruitment and a strong interest in solving real-world problems.",summary
"Bachelor of Science in Information Technology, School of Management, 2022 - 2024",education
Google — Python for Data Science Certificate | 2023,certifications
"Google Analytics, Email Marketing, Meta Ads",skills
"Motivated Talent Acquisition Executive with knowledge of Performance Management, HRMS, Onboarding, Communication and a strong interest in solving real-world problems.",summary
Recognized for improved recruitment efficiency by 20% across three departments.,achievements
Worked as Software Developer with DataVision Analytics from 2019 to 2021.,experience
Master of Computer Applications from Institute of Technology (2024 - 2028),education
"Project - Marketing Analytics Dashboard. Used Keyword Research, Google Analytics, Content Marketing to solve a practical problem.",projects
"Core Skills: Employee Engagement, Recruitment, Talent Acquisition, Payroll, HRMS, Communication, Performance Management",skills
Skills: Bootstrap | FastAPI | JavaScript | Java | CSS,skills
"Pandas, Data Cleaning, SQL, Python, Machine Learning",skills
"HR Manager at Tech Solutions Pvt Ltd, 2020 - Present. Worked on Communication related tasks.",experience
Phone: +91 9000000019,other
"Business Analyst at Tech Solutions Pvt Ltd, 2023 - 2024. Worked on Matplotlib related tasks.",experience
"Motivated Recruiter with knowledge of HRMS, Performance Management, Talent Acquisition, Onboarding and a strong interest in solving real-world problems.",summary
"Online Booking Platform: Developed using CSS, HTML, Java.",projects
Portfolio: www.candidate012.com,other
Completed Google Data Analytics Professional Certificate,certifications
"HR Executive at Growth Digital Agency, 2022 - Present. Worked on Onboarding related tasks.",experience
"Project - Time Series Forecasting. Used Python, Data Cleaning, Matplotlib to solve a practical problem.",projects
Completed SEO Fundamentals Certificate from Deloitte | 2024,certifications
Successfully automated reporting workflow by 20% for a team project.,achievements
Great Learning Professional Certificate in Human Resource Management Certificate | 2022,certifications
"Motivated Full Stack Developer with knowledge of FastAPI, CSS, HTML, Bootstrap and a strong interest in solving real-world problems.",summary
"Motivated HR Manager with knowledge of Communication, Talent Acquisition, HRMS, Onboarding and a strong interest in solving real-world problems.",summary
Worked as HR Executive with DataVision Analytics from 2022 to 2024.,experience
"HR Analytics Dashboard: Developed using Employee Engagement, Recruitment, HRMS.",projects
Successfully increased website traffic by 40% across three departments.,achievements
"Motivated Software Developer with knowledge of CSS, MongoDB, HTML, Java and a strong interest in solving real-world problems.",summary
"Built Marketing Analytics Dashboard with SEO, Keyword Research, Google Ads.",projects
LinkedIn Learning — Web Development Certificate | 2026,certifications
Successfully improved employee engagement by 15% during an academic project.,achievements
"Built Employee Engagement Analysis with Recruitment, HRMS, Talent Acquisition.",projects
Won first prize in college project competition,achievements
Successfully improved customer satisfaction by 35% for internal operations.,achievements
"Motivated Backend Developer with knowledge of FastAPI, Java, Git, HTML and a strong interest in solving real-world problems.",summary
"Built Recruitment Tracking System with Payroll, Onboarding, Recruitment.",projects
Master of Business Administration from School of Management (2018 - 2021),education
"Data Cleaning, Machine Learning, Scikit-learn",skills
"Project - Customer Churn Prediction. Used Scikit-learn, EDA, Power BI to solve a practical problem.",projects
"Motivated Web Developer with knowledge of CSS, Bootstrap, HTML, MongoDB and a strong interest in solving real-world problems.",summary
ABC University | Master of Computer Applications | 2019 - 2023,education
AWS — Cloud Fundamentals Certification | 2026,certifications
"Core Skills: HRMS, Payroll, Performance Management, Employee Engagement, Recruitment",skills
"Motivated HR Executive with knowledge of Performance Management, Recruitment, HRMS, Onboarding and a strong interest in solving real-world problems.",summary
"Motivated Marketing Executive with knowledge of Meta Ads, Google Analytics, Keyword Research, SEO and a strong interest in solving real-world problems.",summary
"Built Anomaly Detection System with EDA, Power BI, Python.",projects
Received recognition after improved employee engagement by 30% during internship.,achievements
"Motivated Social Media Manager with knowledge of Meta Ads, Social Media Marketing, Keyword Research, Email Marketing and a strong interest in solving real-world problems.",summary
"MongoDB, Python, FastAPI, Git, Java",skills
GitHub: github.com/candidate006,other
Institute of Technology | Bachelor of Business Administration | 2018 - 2022,education
Recognized for increased campaign engagement by 30% for a client project.,achievements
AWS Professional Certificate in Business Analytics Certificate | 2022,certifications
Microsoft — Business Analytics Certificate | 2024,certifications
"Employee Performance Study: Developed using Recruitment, Employee Engagement, HRMS.",projects
Bachelor of Business Administration from ABC University (2024 - 2028),education
Bachelor of Commerce from Institute of Technology (2020 - 2023),education
Completed Digital Marketing Certification from LinkedIn Learning | 2022,certifications
PES University | Master of Computer Applications | 2022 - 2026,education
"Motivated Business Analyst with knowledge of NumPy, Data Cleaning, Machine Learning, SQL and a strong interest in solving real-world problems.",summary
"Motivated HR Manager with knowledge of Communication, HRMS, Recruitment, Payroll and a strong interest in solving real-world problems.",summary
"Location: Surat, Gujarat",other
"Talent Acquisition Executive at DataVision Analytics, 2019 - 2020. Worked on Employee Engagement related tasks.",experience
"HR Analytics Dashboard: Developed using Onboarding, Talent Acquisition, Recruitment.",projects
"HR Analytics Dashboard: Developed using HRMS, Talent Acquisition, Recruitment.",projects
"Motivated Full Stack Developer with knowledge of JavaScript, CSS, Git, Java and a strong interest in solving real-world problems.",summary
"Built Time Series Forecasting with EDA, Data Cleaning, Power BI.",projects
Google Professional Certificate in Web Development Certificate | 2026,certifications
"Master of Computer Applications, XYZ College, 2018 - 2020",education
Portfolio: www.candidate017.com,other
"Motivated Talent Acquisition Executive with knowledge of Payroll, Employee Engagement, Communication, Recruitment and a strong interest in solving real-world problems.",summary
Worked as Web Developer with Tech Solutions Pvt Ltd from 2021 to 2023.,experience
"Recruitment Tracking System: Developed using Onboarding, Employee Engagement, Talent Acquisition.",projects
"Bachelor of Computer Applications, Institute of Technology, 2024 - 2027",education
Email: candidate018@example.com,other
Recognized for optimized application performance by 15% during an academic project.,achievements
"Bachelor of Computer Applications, School of Management, 2019 - 2021",education
"Motivated Digital Marketing Executive with knowledge of Google Analytics, Meta Ads, Email Marketing, SEO and a strong interest in solving real-world problems.",summary
"Project - Employee Engagement Analysis. Used Communication, Talent Acquisition, Onboarding to solve a practical problem.",projects
"Motivated Web Developer with knowledge of MySQL, MongoDB, CSS, Git and a strong interest in solving real-world problems.",summary
Certification: AWS Python for Data Science Certificate,certifications
"Web Developer at PeopleFirst HR, 2022 - Present. Worked on JavaScript related tasks.",experience
Certification: AWS Human Resource Management Certificate | 2023,certifications
Email: candidate003@example.com,other
"Bachelor of Commerce, PES University, 2019 - 2023",education
Completed Web Development Certificate from Coursera,certifications
"Web Developer at Growth Digital Agency, 2019 - Present. Worked on CSS related tasks.",experience
Certification: Digital Marketing Certification,certifications
Portfolio: www.candidate002.com,other
Certification: Coursera Cloud Fundamentals Certification,certifications
"Motivated Marketing Executive with knowledge of Meta Ads, Google Analytics, Social Media Marketing, Keyword Research and a strong interest in solving real-world problems.",summary
"JavaScript, HTML, MySQL, Bootstrap, Git, MongoDB, FastAPI",skills
"Technical Skills: Content Marketing, Google Analytics, SEO",skills
Completed Business Analytics Certificate from Meta | 2024,certifications
Phone: +91 9000000005,other
Phone: +91 9000000004,other
Certification: Coursera Talent Acquisition Certificate,certifications
Phone: +91 9000000024,other
"Recruiter at DataVision Analytics, 2024 - 2026. Worked on Talent Acquisition related tasks.",experience
"Core Skills: Email Marketing, SEO, Google Ads, Google Analytics",skills
"Built SEO Optimization Project with Social Media Marketing, Google Ads, Meta Ads.",projects
"Project - Digital Marketing Campaign. Used Email Marketing, Meta Ads, Keyword Research to solve a practical problem.",projects
Great Learning — Machine Learning Certificate | 2024,certifications
Skills: Onboarding | Recruitment | HRMS,skills
"Project - Online Booking Platform. Used Git, HTML, Java to solve a practical problem.",projects
Phone: +91 9000000027,other
"Project - Sales Analytics Dashboard. Used Scikit-learn, Machine Learning, EDA to solve a practical problem.",projects
Deloitte Professional Certificate in Web Development Certificate | 2024,certifications
Worked as Data Analyst with DataVision Analytics from 2021 to Present.,experience
Email: candidate016@example.com,other
"Service Provider System: Developed using JavaScript, MySQL, Java.",projects
Certification: Udemy Talent Acquisition Certificate | 2024,certifications
"Motivated Machine Learning Engineer with knowledge of Python, Power BI, NumPy, EDA and a strong interest in solving real-world problems.",summary
"Motivated Data Analyst with knowledge of Pandas, SQL, EDA, Power BI and a strong interest in solving real-world problems.",summary
"Bachelor of Business Administration, ABC University, 2021 - 2025",education
Skills: Git | FastAPI | HTML | MongoDB,skills
Successfully improved employee engagement by 15% for a team project.,achievements
Phone: +91 9000000023,other
Skills: HRMS | Employee Engagement | Recruitment | Onboarding | Payroll,skills
"Motivated HR Executive with knowledge of HRMS, Employee Engagement, Onboarding, Communication and a strong interest in solving real-world problems.",summary
Email: candidate022@example.com,other
Certification: Google Power BI Data Analyst Certificate | 2022,certifications
"Built Time Series Forecasting with Scikit-learn, Power BI, Data Cleaning.",projects
"Core Skills: SQL, Pandas, NumPy, Machine Learning, Power BI, Data Cleaning",skills
Bachelor of Computer Applications from PES University (2022 - 2026),education
Worked as Talent Acquisition Executive with DataVision Analytics from 2022 to 2023.,experience
ABC University | Master of Computer Applications | 2023 - 2026,education
Awarded for improved customer satisfaction by 40% for internal operations.,achievements
Successfully reduced processing time by 25% during internship.,achievements
"Built Time Series Forecasting with EDA, NumPy, Python.",projects
GitHub: github.com/candidate017,other
Worked as Machine Learning Engineer with DataVision Analytics from 2022 to 2023.,experience
"Bachelor of Commerce, XYZ College, 2019 - 2022",education
"Motivated Recruiter with knowledge of Performance Management, Employee Engagement, Payroll, Communication and a strong interest in solving real-world problems.",summary
"Frontend Developer at ABC Technologies, 2023 - 2024. Worked on Git related tasks.",experience
"Pandas, Machine Learning, SQL",skills
Recognized for reduced data processing errors by 35% for a client project.,achievements
"Technical Skills: Google Analytics, Google Ads, Keyword Research, SEO, Email Marketing",skills
"Motivated Machine Learning Engineer with knowledge of Scikit-learn, Pandas, Data Cleaning, Machine Learning and a strong interest in solving real-world problems.",summary
"Backend Developer at PeopleFirst HR, 2023 - 2025. Worked on FastAPI related tasks.",experience
"Motivated Software Developer with knowledge of Python, HTML, CSS, Git and a strong interest in solving real-world problems.",summary
Skills: Git | FastAPI | Java | MongoDB | JavaScript,skills
Worked as Digital Marketing Executive with Growth Digital Agency from 2024 to 2026.,experience
Worked as Recruiter with PeopleFirst HR from 2020 to 2022.,experience
Recognized for improved recruitment efficiency by 20% for a client project.,achievements
Awarded for improved dashboard accuracy by 40% for a team project.,achievements
Certification: Google Human Resource Management Certificate,certifications
Awarded for increased campaign engagement by 15% during an academic project.,achievements
Worked as Marketing Executive with Tech Solutions Pvt Ltd from 2022 to Present.,experience
Email: candidate013@example.com,other
"Technical Skills: Payroll, Employee Engagement, Talent Acquisition",skills
Successfully improved dashboard accuracy by 20% across multiple campaigns.,achievements
Certification: LinkedIn Learning Python for Data Science Certificate,certifications
Recognized for reduced processing time by 25% for a client project.,achievements
"Core Skills: Talent Acquisition, Recruitment, Communication, Onboarding, Performance Management, Employee Engagement, Payroll",skills
"Motivated Data Scientist with knowledge of NumPy, Pandas, EDA, Matplotlib and a strong interest in solving real-world problems.",summary
"FastAPI, MySQL, MongoDB, JavaScript, CSS, HTML, Git",skills
Phone: +91 9000000017,other
"Bachelor of Business Administration, School of Management, 2023 - 2026",education
Portfolio: www.candidate020.com,other
Institute of Technology | Bachelor of Commerce | 2021 - 2023,education
"Data Cleaning, SQL, EDA, Pandas, Scikit-learn, Matplotlib",skills
"Motivated Data Analyst with knowledge of SQL, EDA, NumPy, Scikit-learn and a strong interest in solving real-world problems.",summary
"Built Time Series Forecasting with Matplotlib, NumPy, EDA.",projects
"Inventory Management System: Developed using CSS, Java, FastAPI.",projects
LinkedIn: linkedin.com/in/candidate023,other
PES University | Master of Business Administration | 2024 - 2026,education
Worked as Recruiter with DataVision Analytics from 2023 to Present.,experience
AWS — Web Development Certificate,certifications
GitHub: github.com/candidate023,other
"Project - Marketing Analytics Dashboard. Used Social Media Marketing, Google Analytics, Google Ads to solve a practical problem.",projects
"Motivated Talent Acquisition Executive with knowledge of Communication, Talent Acquisition, Onboarding, Payroll and a strong interest in solving real-world problems.",summary
Recognized for improved employee engagement by 50% across three departments.,achievements
LinkedIn: linkedin.com/in/candidate022,other
Skills: Power BI | EDA | Machine Learning | Scikit-learn | Matplotlib | SQL,skills
Email: candidate009@example.com,other
Phone: +91 9000000010,other
"Languages: English, Telugu, Hindi",other
Worked as Machine Learning Engineer with Tech Solutions Pvt Ltd from 2021 to Present.,experience
Recognized for: Received Employee of the Month award,achievements
Recognized for improved recruitment efficiency by 30% for a client project.,achievements
Portfolio: www.candidate023.com,other
Portfolio: www.candidate005.com,other
Certified in SEO Fundamentals Certificate by Udemy | 2024,certifications
Worked as Web Developer with DataVision Analytics from 2021 to 2023.,experience
"Core Skills: Scikit-learn, Pandas, SQL, Power BI, Python, Data Cleaning, Machine Learning",skills
"Project - HR Analytics Dashboard. Used Performance Management, Payroll, Communication to solve a practical problem.",projects
Portfolio: www.candidate026.com,other
"Google Analytics, Keyword Research, Meta Ads, Google Ads, SEO, Email Marketing",skills
Certification: British Airways Talent Acquisition Certificate | 2022,certifications
"Project - Online Booking Platform. Used MongoDB, FastAPI, Java to solve a practical problem.",projects
Awarded for reduced data processing errors by 35% for internal operations.,achievements
Coursera Professional Certificate in Human Resource Management Certificate | 2024,certifications
Completed SEO Fundamentals Certificate from Coursera,certifications
Achievement: Received Employee of the Month award,achievements
Email: candidate027@example.com,other
"Core Skills: Scikit-learn, EDA, Power BI, NumPy",skills
Recognized for improved customer satisfaction by 40% during a university competition.,achievements
Received recognition after improved customer satisfaction by 40% for a client project.,achievements
"Recruiter at ABC Technologies, 2020 - Present. Worked on HRMS related tasks.",experience
"Motivated Social Media Manager with knowledge of Meta Ads, SEO, Content Marketing, Google Analytics and a strong interest in solving real-world problems.",summary
"Communication, Talent Acquisition, Performance Management, Onboarding, HRMS",skills
Awarded for automated reporting workflow by 50% during a university competition.,achievements
Completed Digital Marketing Certification from Udemy | 2025,certifications
"Motivated SEO Specialist with knowledge of Content Marketing, Keyword Research, Social Media Marketing, Google Ads and a strong interest in solving real-world problems.",summary
"Bachelor of Computer Applications, School of Management, 2023 - 2027",education
Bachelor of Computer Applications from School of Management (2018 - 2020),education
"Anomaly Detection System: Developed using Pandas, Matplotlib, SQL.",projects
"Digital Marketing Executive at DataVision Analytics, 2023 - 2025. Worked on Social Media Marketing related tasks.",experience
GitHub: github.com/candidate001,other
Improved campaign engagement by 35%,achievements
"Project - Online Booking Platform. Used FastAPI, Bootstrap, JavaScript to solve a practical problem.",projects
"Motivated Marketing Executive with knowledge of Google Analytics, Email Marketing, Keyword Research, Google Ads and a strong interest in solving real-world problems.",summary
"Motivated Data Scientist with knowledge of Scikit-learn, Data Cleaning, NumPy, Machine Learning and a strong interest in solving real-world problems.",summary
"Core Skills: FastAPI, MySQL, Java, HTML, JavaScript, Git, Bootstrap",skills
Bachelor of Science in Information Technology from School of Management (2020 - 2023),education
Email: candidate025@example.com,other
"Technical Skills: HTML, Java, FastAPI",skills
Phone: +91 9000000014,other
"Built Time Series Forecasting with NumPy, Scikit-learn, Machine Learning.",projects
Phone: +91 9000000007,other
"Core Skills: Data Cleaning, Scikit-learn, NumPy, EDA, Pandas, SQL, Machine Learning",skills
"Motivated Talent Acquisition Executive with knowledge of Payroll, Onboarding, Performance Management, Communication and a strong interest in solving real-world problems.",summary
"Core Skills: Machine Learning, Power BI, Scikit-learn, EDA",skills
"Motivated Digital Marketing Executive with knowledge of Email Marketing, Keyword Research, Meta Ads, SEO and a strong interest in solving real-world problems.",summary
Worked as SEO Specialist with Tech Solutions Pvt Ltd from 2023 to 2024.,experience
"Recruitment Tracking System: Developed using Recruitment, HRMS, Payroll.",projects
"Social Media Marketing, Google Analytics, Meta Ads, SEO, Google Ads, Content Marketing",skills
PES University | Master of Business Administration | 2018 - 2022,education
Microsoft Professional Certificate in Machine Learning Certificate | 2023,certifications
Successfully increased website traffic by 30% for a team project.,achievements
Certification: Great Learning Machine Learning Certificate | 2024,certifications
"Software Developer at ABC Technologies, 2021 - 2022. Worked on FastAPI related tasks.",experience
"Social Media Growth Campaign: Developed using Email Marketing, Social Media Marketing, SEO.",projects
Phone: +91 9000000016,other
Successfully optimized application performance by 50% for internal operations.,achievements
LinkedIn: linkedin.com/in/candidate016,other
"EDA, Scikit-learn, Pandas, Data Cleaning, NumPy, Machine Learning, Matplotlib",skills
"Built Employee Performance Study with Employee Engagement, Payroll, Recruitment.",projects
"Technical Skills: Java, HTML, MongoDB, JavaScript, Bootstrap, Python, Git",skills
Received recognition after improved customer satisfaction by 20% during a university competition.,achievements
PES University | Bachelor of Computer Applications | 2021 - 2023,education
"Technical Skills: Recruitment, Payroll, HRMS, Talent Acquisition, Employee Engagement, Performance Management, Onboarding",skills
Recognized for automated reporting workflow by 30% during a university competition.,achievements
"HR Manager at Growth Digital Agency, 2024 - Present. Worked on Talent Acquisition related tasks.",experience
Received recognition after improved recruitment efficiency by 15% across multiple campaigns.,achievements
Awarded for improved dashboard accuracy by 30% during an academic project.,achievements
Microsoft — Human Resource Management Certificate | 2024,certifications
"Social Media Growth Campaign: Developed using Google Analytics, Google Ads, Email Marketing.",projects
Phone: +91 9000000025,other
Portfolio: www.candidate015.com,other
Worked as Social Media Manager with Growth Digital Agency from 2021 to 2023.,experience
"Project - Time Series Forecasting. Used NumPy, Pandas, Python to solve a practical problem.",projects
Successfully reduced processing time by 25% during a university competition.,achievements
Achievement: optimized application performance by 40% across three departments.,achievements
Worked as Digital Marketing Executive with DataVision Analytics from 2023 to 2025.,experience
Completed Human Resource Management Certificate from HubSpot | 2022,certifications
"Built HR Analytics Dashboard with Talent Acquisition, Payroll, Recruitment.",projects
Portfolio: www.candidate004.com,other
"Motivated Recruiter with knowledge of HRMS, Talent Acquisition, Payroll, Communication and a strong interest in solving real-world problems.",summary
"Motivated Business Analyst with knowledge of Scikit-learn, Python, SQL, Power BI and a strong interest in solving real-world problems.",summary
Phone: +91 9000000022,other
Successfully optimized application performance by 30% for a client project.,achievements
"Bachelor of Science in Information Technology, ABC University, 2020 - 2024",education
PES University | Master of Computer Applications | 2023 - 2025,education
Achievement: improved employee engagement by 10% during an academic project.,achievements
Successfully improved employee engagement by 10% for a client project.,achievements
Phone: +91 9000000012,other
"Employee Engagement Analysis: Developed using Recruitment, Onboarding, Performance Management.",projects
Worked as Software Developer with DataVision Analytics from 2022 to 2024.,experience
"Core Skills: Scikit-learn, Python, Pandas, Data Cleaning, Power BI, Machine Learning, Matplotlib",skills
"Built Digital Marketing Campaign with SEO, Email Marketing, Google Analytics.",projects
"Motivated Machine Learning Engineer with knowledge of SQL, EDA, NumPy, Pandas and a strong interest in solving real-world problems.",summary
Completed Human Resources Management Certification,certifications
Achievement: improved recruitment efficiency by 30% across multiple campaigns.,achievements
"Technical Skills: Content Marketing, Email Marketing, Meta Ads",skills
Completed Machine Learning Certificate from AWS | 2022,certifications
"Core Skills: Data Cleaning, NumPy, SQL, Pandas",skills
"Communication, Recruitment, Employee Engagement",skills
"Location: Hyderabad, Telangana",other
Institute of Technology | Bachelor of Computer Applications | 2022 - 2025,education
"Motivated Software Developer with knowledge of Java, MongoDB, CSS, FastAPI and a strong interest in solving real-world problems.",summary
"Technical Skills: Google Analytics, Email Marketing, Social Media Marketing, Google Ads, Keyword Research",skills
Certification: Microsoft SQL Fundamentals Certificate | 2026,certifications
Skills: Talent Acquisition | Payroll | Recruitment | Communication | Performance Management,skills
Phone: +91 9000000015,other
"Master of Computer Applications, PES University, 2021 - 2025",education
Meta Professional Certificate in Machine Learning Certificate,certifications
"Talent Acquisition, Employee Engagement, Payroll, Onboarding, Recruitment",skills
"Built Service Provider System with HTML, FastAPI, CSS.",projects
"Motivated Data Scientist with knowledge of Scikit-learn, Pandas, Data Cleaning, Matplotlib and a strong interest in solving real-world problems.",summary
"Motivated HR Executive with knowledge of Performance Management, HRMS, Communication, Recruitment and a strong interest in solving real-world problems.",summary
"Built Social Media Growth Campaign with SEO, Email Marketing, Social Media Marketing.",projects
Awarded for optimized application performance by 30% during an academic project.,achievements
LinkedIn: linkedin.com/in/candidate004,other
PES University | Bachelor of Business Administration | 2021 - 2023,education
"Built Sales Analytics Dashboard with EDA, Scikit-learn, Matplotlib.",projects
GitHub: github.com/candidate026,other
School of Management | Master of Computer Applications | 2020 - 2024,education
"Project - Employee Engagement Analysis. Used HRMS, Recruitment, Performance Management to solve a practical problem.",projects
"Built Marketing Analytics Dashboard with Google Ads, Email Marketing, Content Marketing.",projects
Recognized for reduced processing time by 40% across multiple campaigns.,achievements
"Project - Inventory Management System. Used Java, CSS, FastAPI to solve a practical problem.",projects
"Built Service Provider System with Git, HTML, Python.",projects
GitHub: github.com/candidate021,other
Phone: +91 9000000009,other
Certified in Machine Learning Certificate by AWS,certifications
"Built Anomaly Detection System with Python, NumPy, Power BI.",projects
Awarded for improved recruitment efficiency by 25% for a team project.,achievements
Worked as Full Stack Developer with ABC Technologies from 2021 to 2023.,experience
"E-Commerce Web Application: Developed using HTML, JavaScript, CSS.",projects
Worked as Software Developer with PeopleFirst HR from 2023 to Present.,experience
Worked as Digital Marketing Executive with Tech Solutions Pvt Ltd from 2023 to Present.,experience
LinkedIn: linkedin.com/in/candidate001,other
Worked as Marketing Executive with ABC Technologies from 2022 to 2023.,experience
"Digital Marketing Campaign: Developed using Google Analytics, Meta Ads, Email Marketing.",projects
Portfolio: www.candidate009.com,other
Worked as Marketing Executive with ABC Technologies from 2020 to Present.,experience
"Motivated Talent Acquisition Executive with knowledge of Performance Management, Communication, HRMS, Recruitment and a strong interest in solving real-world problems.",summary
Received recognition after reduced data processing errors by 35% during a university competition.,achievements
"Data Scientist at PeopleFirst HR, 2023 - 2025. Worked on Data Cleaning related tasks.",experience
"Service Provider System: Developed using FastAPI, MySQL, Bootstrap.",projects
Completed SEO Fundamentals Certificate from British Airways,certifications
HubSpot Professional Certificate in Machine Learning Certificate,certifications
Recognized for improved dashboard accuracy by 30% during internship.,achievements
"Core Skills: SQL, Power BI, Pandas, Scikit-learn, Python, Machine Learning",skills
Bachelor of Commerce from XYZ College (2019 - 2021),education
British Airways Professional Certificate in SQL Fundamentals Certificate,certifications
Meta — Power BI Data Analyst Certificate | 2024,certifications
"Bachelor of Science in Information Technology, School of Management, 2021 - 2025",education
Completed AWS Cloud Practitioner Certification,certifications
Portfolio: www.candidate007.com,other
Achievement: improved dashboard accuracy by 40% across multiple campaigns.,achievements
"Built Social Media Growth Campaign with Google Analytics, Meta Ads, Social Media Marketing.",projects
"Built Recruitment Tracking System with Payroll, Employee Engagement, Communication.",projects
Achievement: improved recruitment efficiency by 35% for a client project.,achievements
"Built Employee Engagement Analysis with Recruitment, Onboarding, Communication.",projects
"Built Marketing Analytics Dashboard with Keyword Research, Email Marketing, Meta Ads.",projects
"Motivated Full Stack Developer with knowledge of Python, Git, Java, MySQL and a strong interest in solving real-world problems.",summary
Completed Power BI Data Analyst Certificate from Meta | 2026,certifications
PES University | Bachelor of Commerce | 2023 - 2025,education
Worked as Recruiter with PeopleFirst HR from 2021 to Present.,experience
Phone: +91 9000000003,other
GitHub: github.com/candidate,other
Recognized for improved employee engagement by 35% across three departments.,achievements
Certified in Digital Marketing Certification by LinkedIn Learning | 2025,certifications
"Technical Skills: Performance Management, HRMS, Communication, Payroll, Talent Acquisition",skills
"Motivated Software Developer with knowledge of FastAPI, Java, Bootstrap, Git and a strong interest in solving real-world problems.",summary
Date of Birth: 12 January 2002,other
"Motivated Talent Acquisition Executive with knowledge of Performance Management, Talent Acquisition, Communication, Recruitment and a strong interest in solving real-world problems.",summary
Achievement: increased campaign engagement by 40% during internship.,achievements
"Core Skills: Java, Python, FastAPI, Bootstrap, JavaScript, CSS",skills
Bachelor of Computer Applications from School of Management (2022 - 2024),education
Skills: Email Marketing | Google Analytics | Social Media Marketing | SEO | Google Ads | Content Marketing | Meta Ads,skills
Bachelor of Science in Information Technology from School of Management (2023 - 2027),education
Bachelor of Science in Information Technology from ABC University (2020 - 2022),education
"Marketing Executive at DataVision Analytics, 2020 - 2022. Worked on Social Media Marketing related tasks.",experience
GitHub: github.com/candidate005,other
"Built Digital Marketing Campaign with SEO, Social Media Marketing, Google Analytics.",projects
Worked as Frontend Developer with DataVision Analytics from 2023 to 2024.,experience
"Motivated Data Scientist with knowledge of Machine Learning, Pandas, Python, EDA and a strong interest in solving real-world problems.",summary
"Motivated Business Analyst with knowledge of Data Cleaning, NumPy, Machine Learning, Python and a strong interest in solving real-world problems.",summary
Email: candidate002@example.com,other
Worked as Digital Marketing Executive with DataVision Analytics from 2023 to 2024.,experience
"Master of Business Administration, ABC University, 2023 - 2026",education
"Technical Skills: Performance Management, Payroll, HRMS, Communication, Onboarding, Talent Acquisition",skills
Certified in Digital Marketing Certification,certifications
"Technical Skills: Matplotlib, Scikit-learn, Power BI, Python, EDA",skills
Certified in Web Development Certificate by AWS,certifications
Email: candidate004@example.com,other
Certified in Human Resource Management Certificate by AWS,certifications
"Bachelor of Business Administration, School of Management, 2022 - 2025",education
"Built Employee Engagement Analysis with Employee Engagement, HRMS, Payroll.",projects
"Technical Skills: MySQL, Java, Python, Bootstrap, CSS, MongoDB",skills
Achievement: improved employee engagement by 15% during a university competition.,achievements
"HR Executive at ABC Technologies, 2019 - 2020. Worked on Communication related tasks.",experience
Great Learning — Web Development Certificate | 2023,certifications
"NumPy, Data Cleaning, EDA, SQL, Pandas",skills
Received recognition after improved customer satisfaction by 50% for a client project.,achievements
"Core Skills: Java, HTML, Python",skills
"HTML, Java, FastAPI, Python, Bootstrap",skills
"HR Analytics Dashboard: Developed using Employee Engagement, Communication, Onboarding.",projects
XYZ College | Bachelor of Science in Information Technology | 2018 - 2021,education
"E-Commerce Web Application: Developed using Bootstrap, Python, FastAPI.",projects
Phone: +91 9000000013,other
"Digital Marketing Executive at Tech Solutions Pvt Ltd, 2023 - 2024. Worked on Email Marketing related tasks.",experience
Received recognition after improved customer satisfaction by 15% across multiple campaigns.,achievements
Achievement: optimized application performance by 35% across three departments.,achievements
Portfolio: www.candidate008.com,other
"Technical Skills: Keyword Research, Social Media Marketing, Content Marketing, Google Ads, Google Analytics, Email Marketing",skills
"Motivated Machine Learning Engineer with knowledge of Machine Learning, Pandas, Scikit-learn, NumPy and a strong interest in solving real-world problems.",summary
Completed SQL Fundamentals Certificate from HubSpot,certifications
Worked as Talent Acquisition Executive with Tech Solutions Pvt Ltd from 2020 to 2022.,experience
Email: candidate024@example.com,other
"Motivated Data Scientist with knowledge of Machine Learning, SQL, NumPy, Scikit-learn and a strong interest in solving real-world problems.",summary
Certification: Great Learning Machine Learning Certificate | 2022,certifications
Worked as HR Executive with Growth Digital Agency from 2024 to 2026.,experience
IBM — Business Analytics Certificate,certifications
"Core Skills: Performance Management, Payroll, Employee Engagement, Talent Acquisition, Onboarding, HRMS",skills
"Motivated Business Analyst with knowledge of EDA, Matplotlib, Pandas, Python and a strong interest in solving real-world problems.",summary
Master of Computer Applications from ABC University (2018 - 2022),education
"Project - E-Commerce Web Application. Used CSS, MySQL, MongoDB to solve a practical problem.",projects
Bachelor of Commerce from School of Management (2021 - 2024),education
"Technical Skills: EDA, NumPy, Matplotlib",skills
LinkedIn Learning Professional Certificate in Python for Data Science Certificate | 2026,certifications
"Motivated Frontend Developer with knowledge of Java, JavaScript, HTML, Git and a strong interest in solving real-world problems.",summary
"Customer Churn Prediction: Developed using Scikit-learn, Python, Machine Learning.",projects
Phone: +91 9000000018,other
Great Learning Professional Certificate in Power BI Data Analyst Certificate | 2024,certifications
"HR Manager at Growth Digital Agency, 2019 - 2020. Worked on Talent Acquisition related tasks.",experience
LinkedIn: linkedin.com/in/candidate021,other
"Employee Engagement Analysis: Developed using HRMS, Payroll, Onboarding.",projects
Received recognition after automated reporting workflow by 35% for a team project.,achievements
"Core Skills: Power BI, Machine Learning, Pandas, SQL, EDA",skills
Received recognition after improved dashboard accuracy by 10% for a client project.,achievements
"Built Time Series Forecasting with Scikit-learn, Machine Learning, Pandas.",projects
"Software Developer at ABC Technologies, 2019 - 2021. Worked on MongoDB related tasks.",experience
"Languages: English, Tamil",other
Worked as Frontend Developer with DataVision Analytics from 2022 to 2024.,experience
Deloitte — Cloud Fundamentals Certification | 2022,certifications
"Online Booking Platform: Developed using JavaScript, Bootstrap, Python.",projects
"Core Skills: Content Marketing, Google Analytics, Social Media Marketing",skills
"Motivated Digital Marketing Executive with knowledge of SEO, Google Ads, Content Marketing, Meta Ads and a strong interest in solving real-world problems.",summary
Worked as HR Executive with ABC Technologies from 2019 to 2020.,experience
"Google Ads, SEO, Google Analytics, Content Marketing, Meta Ads",skills
Awarded for improved recruitment efficiency by 40% across multiple campaigns.,achievements
School of Management | Bachelor of Computer Applications | 2019 - 2022,education
Certified in Data Analytics Certificate by HubSpot | 2024,certifications
Bachelor of Computer Applications from ABC University (2018 - 2021),education
Completed Digital Marketing Certification,certifications
"Motivated HR Manager with knowledge of Communication, Talent Acquisition, Employee Engagement, Payroll and a strong interest in solving real-world problems.",summary
Certification: Microsoft Web Development Certificate,certifications
Email: candidate012@example.com,other
"Motivated Talent Acquisition Executive with knowledge of Employee Engagement, Onboarding, Recruitment, Communication and a strong interest in solving real-world problems.",summary
XYZ College | Master of Computer Applications | 2021 - 2023,education
"Frontend Developer at ABC Technologies, 2022 - Present. Worked on MySQL related tasks.",experience
"Motivated Social Media Manager with knowledge of Social Media Marketing, SEO, Meta Ads, Google Ads and a strong interest in solving real-world problems.",summary
Awarded for improved employee engagement by 30% across three departments.,achievements
Email: candidate007@example.com,other
LinkedIn: linkedin.com/in/candidate013,other
Completed Python for Data Science Certificate from Great Learning,certifications
GitHub: github.com/candidate012,other
