text,label
"Motivated Frontend Developer with knowledge of HTML, Python, Git, CSS and a strong interest in solving real-world problems.",summary
"Social Media Growth Campaign: Developed using Social Media Marketing, Email Marketing, SEO.",projects
Achievement: Reduced processing time by 25%,achievements
"Built E-Commerce Web Application with Java, Bootstrap, FastAPI.",projects
"Motivated Backend Developer with knowledge of HTML, Java, Bootstrap, Python and a strong interest in solving real-world problems.",summary
Worked as Talent Acquisition Executive with DataVision Analytics from 2022 to 2023.,experience
"Project - Digital Marketing Campaign. Used Meta Ads, SEO, Google Ads to solve a practical problem.",projects
"Motivated HR Executive with knowledge of Performance Management, Recruitment, HRMS, Onboarding and a strong interest in solving real-world problems.",summary
GitHub: github.com/candidate,other
Completed Python for Data Science Certificate,certifications
Institute of Technology | Master of Computer Applications | 2023 - 2027,education
Date of Birth: 12 January 2002,other
"Bachelor of Business Administration, School of Management, 2024 - 2028",education
Bachelor of Business Administration from ABC University (2024 - 2028),education
"Motivated Marketing Executive with knowledge of Content Marketing, SEO, Email Marketing, Keyword Research and a strong interest in solving real-world problems.",summary
"Motivated Business Analyst with knowledge of Scikit-learn, Machine Learning, Data Cleaning, SQL and a strong interest in solving real-world problems.",summary
"Languages: English, Hindi, Gujarati",other
"Motivated SEO Specialist with knowledge of Keyword Research, Google Analytics, Meta Ads, Content Marketing and a strong interest in solving real-world problems.",summary
"Languages: English, Hindi, Gujarati",other
"Digital Marketing Executive at DataVision Analytics, 2023 - 2025. Worked on Social Media Marketing related tasks.",experience
XYZ College | Master of Computer Applications | 2021 - 2023,education
"CSS, MySQL, Git, Java, HTML, Bootstrap",skills
Improved campaign engagement by 35%,achievements
Python for Data Science Certificate,certifications
"Languages: English, Hindi, Gujarati",other
Certification: Google Data Analytics Professional Certificate,certifications
Email: candidate@example.com,other
"Project - Time Series Forecasting. Used NumPy, Pandas, Python to solve a practical problem.",projects
Date of Birth: 12 January 2002,other
LinkedIn: linkedin.com/in/candidate,other
"Motivated Data Analyst with knowledge of Data Cleaning, EDA, SQL, Python and a strong interest in solving real-world problems.",summary
"Master of Business Administration, ABC University, 2022 - 2026",education
"Software Developer at DataVision Analytics, 2023 - 2024. Worked on FastAPI related tasks.",experience
Certification: Google Data Analytics Professional Certificate,certifications
"Sales Analytics Dashboard: Developed using Machine Learning, Data Cleaning, EDA.",projects
"Built Digital Marketing Campaign with Keyword Research, Meta Ads, Social Media Marketing.",projects
"Project - Customer Churn Prediction. Used Data Cleaning, SQL, Power BI to solve a practical problem.",projects
Master of Computer Applications from Institute of Technology (2024 - 2028),education
Bachelor of Commerce from PES University (2022 - 2025),education
"Digital Marketing Executive at Tech Solutions Pvt Ltd, 2021 - 2022. Worked on SEO related tasks.",experience
"Project - Employee Engagement Analysis. Used Recruitment, Onboarding, Communication to solve a practical problem.",projects
"Motivated Digital Marketing Executive with knowledge of Email Marketing, Google Analytics, Meta Ads, Keyword Research and a strong interest in solving real-world problems.",summary
"Data Cleaning, Machine Learning, Scikit-learn",skills
"Motivated Digital Marketing Executive with knowledge of SEO, Google Ads, Google Analytics, Keyword Research and a strong interest in solving real-world problems.",summary
"Motivated Digital Marketing Executive with knowledge of Content Marketing, Email Marketing, Social Media Marketing, Keyword Research and a strong interest in solving real-world problems.",summary
"Motivated HR Manager with knowledge of Communication, Talent Acquisition, Employee Engagement, Payroll and a strong interest in solving real-world problems.",summary
Phone: +91 9876543210,other
XYZ College | Bachelor of Business Administration | 2018 - 2022,education
Worked as Frontend Developer with ABC Technologies from 2024 to 2026.,experience
"Motivated Talent Acquisition Executive with knowledge of Payroll, Onboarding, Performance Management, Communication and a strong interest in solving real-world problems.",summary
"Motivated Web Developer with knowledge of CSS, Bootstrap, HTML, MongoDB and a strong interest in solving real-world problems.",summary
"Languages: English, Hindi, Gujarati",other
"Core Skills: Social Media Marketing, Google Analytics, Meta Ads, Keyword Research, Google Ads, Content Marketing",skills
Certified in Human Resources Management Certification,certifications
School of Management | Bachelor of Commerce | 2020 - 2024,education
Certified in AWS Cloud Practitioner Certification,certifications
School of Management | Bachelor of Computer Applications | 2018 - 2021,education
"Project - Employee Performance Study. Used Performance Management, Onboarding, Talent Acquisition to solve a practical problem.",projects
"Project - Marketing Analytics Dashboard. Used Meta Ads, SEO, Keyword Research to solve a practical problem.",projects
Achievement: Reduced processing time by 25%,achievements
Improved campaign engagement by 35%,achievements
Google Data Analytics Professional Certificate,certifications
Date of Birth: 12 January 2002,other
"Web Developer at PeopleFirst HR, 2019 - 2020. Worked on FastAPI related tasks.",experience
Certified in Google Data Analytics Professional Certificate,certifications
"Surat, Gujarat, India",other
Achievement: Achieved top performer recognition,achievements
School of Management | Master of Computer Applications | 2021 - 2023,education
"Technical Skills: EDA, Machine Learning, SQL, Matplotlib, Power BI, Python",skills
"Built Time Series Forecasting with Scikit-learn, Machine Learning, Pandas.",projects
"Motivated Full Stack Developer with knowledge of FastAPI, CSS, HTML, Bootstrap and a strong interest in solving real-world problems.",summary
"Technical Skills: Onboarding, Employee Engagement, Talent Acquisition",skills
Recognized for: Won first prize in college project competition,achievements
Completed Human Resources Management Certification,certifications
"Built Marketing Analytics Dashboard with Google Ads, Email Marketing, Content Marketing.",projects
"Motivated Frontend Developer with knowledge of MySQL, MongoDB, Git, Python and a strong interest in solving real-world problems.",summary
Completed Python for Data Science Certificate,certifications
"Anomaly Detection System: Developed using Python, EDA, Machine Learning.",projects
Worked as Talent Acquisition Executive with DataVision Analytics from 2019 to 2020.,experience
"Employee Engagement Analysis: Developed using Recruitment, Onboarding, Performance Management.",projects
Python for Data Science Certificate,certifications
"Service Provider System: Developed using JavaScript, MySQL, Java.",projects
Certified in AWS Cloud Practitioner Certification,certifications
"Technical Skills: Matplotlib, Scikit-learn, Power BI, Python, EDA",skills
Worked as Software Developer with DataVision Analytics from 2019 to 2021.,experience
"Project - Inventory Management System. Used Java, CSS, FastAPI to solve a practical problem.",projects
Award: Achieved top performer recognition,achievements
Bachelor of Computer Applications from XYZ College (2021 - 2023),education
Worked as Frontend Developer with PeopleFirst HR from 2023 to Present.,experience
"Web Developer at ABC Technologies, 2023 - 2024. Worked on HTML related tasks.",experience
"Core Skills: Python, JavaScript, CSS",skills
School of Management | Bachelor of Science in Information Technology | 2022 - 2025,education
"Motivated Frontend Developer with knowledge of Python, JavaScript, FastAPI, MongoDB and a strong interest in solving real-world problems.",summary
"Motivated Recruiter with knowledge of Communication, Payroll, Recruitment, Talent Acquisition and a strong interest in solving real-world problems.",summary
Worked as HR Executive with Growth Digital Agency from 2024 to 2026.,experience
Achieved top performer recognition,achievements
"Technical Skills: EDA, NumPy, Matplotlib",skills
Award: Achieved top performer recognition,achievements
"Project - Sales Analytics Dashboard. Used Power BI, SQL, EDA to solve a practical problem.",projects
"Bachelor of Commerce, ABC University, 2024 - 2026",education
Recognized for: Improved campaign engagement by 35%,achievements
"Built E-Commerce Web Application with Python, FastAPI, MySQL.",projects
Master of Business Administration from Institute of Technology (2021 - 2024),education
Completed Digital Marketing Certification,certifications
"Bachelor of Business Administration, ABC University, 2021 - 2025",education
"Motivated Machine Learning Engineer with knowledge of SQL, Pandas, Scikit-learn, Python and a strong interest in solving real-world problems.",summary
Won first prize in college project competition,achievements
School of Management | Bachelor of Science in Information Technology | 2021 - 2023,education
"Recruitment Tracking System: Developed using Recruitment, HRMS, Payroll.",projects
Bachelor of Commerce from PES University (2018 - 2022),education
Certification: AWS Cloud Practitioner Certification,certifications
Worked as Machine Learning Engineer with Growth Digital Agency from 2020 to Present.,experience
Award: Received Employee of the Month award,achievements
Certified in Google Data Analytics Professional Certificate,certifications
GitHub: github.com/candidate,other
Recognized for: Won first prize in college project competition,achievements
Python for Data Science Certificate,certifications
Bachelor of Commerce from ABC University (2018 - 2020),education
"Built Service Provider System with Git, JavaScript, Java.",projects
"Project - HR Analytics Dashboard. Used Performance Management, Payroll, Communication to solve a practical problem.",projects
Worked as Recruiter with DataVision Analytics from 2023 to Present.,experience
Worked as Digital Marketing Executive with Growth Digital Agency from 2024 to 2026.,experience
Phone: +91 9876543210,other
"Motivated HR Executive with knowledge of Performance Management, Talent Acquisition, Communication, HRMS and a strong interest in solving real-world problems.",summary
Skills: Google Ads | Content Marketing | Keyword Research,skills
Certified in Python for Data Science Certificate,certifications
"Motivated Data Analyst with knowledge of Pandas, SQL, EDA, Power BI and a strong interest in solving real-world problems.",summary
Worked as SEO Specialist with DataVision Analytics from 2019 to Present.,experience
Worked as Full Stack Developer with ABC Technologies from 2022 to Present.,experience
"Core Skills: Java, JavaScript, MySQL, Bootstrap, MongoDB, CSS",skills
LinkedIn: linkedin.com/in/candidate,other
Skills: Google Analytics | Email Marketing | Google Ads | Meta Ads | Content Marketing,skills
Skills: Bootstrap | MySQL | FastAPI,skills
GitHub: github.com/candidate,other
Phone: +91 9876543210,other
"Motivated Data Scientist with knowledge of NumPy, Pandas, EDA, Matplotlib and a strong interest in solving real-world problems.",summary
PES University | Master of Business Administration | 2024 - 2026,education
"Motivated Recruiter with knowledge of Communication, Payroll, Performance Management, Talent Acquisition and a strong interest in solving real-world problems.",summary
Completed Human Resources Management Certification,certifications
Master of Business Administration from School of Management (2021 - 2025),education
School of Management | Bachelor of Business Administration | 2020 - 2024,education
Certification: Python for Data Science Certificate,certifications
"Bachelor of Computer Applications, School of Management, 2023 - 2027",education
Award: Won first prize in college project competition,achievements
"MongoDB, Python, FastAPI, Git, Java",skills
Certified in Python for Data Science Certificate,certifications
PES University | Master of Business Administration | 2018 - 2022,education
Worked as SEO Specialist with Tech Solutions Pvt Ltd from 2023 to 2025.,experience
"Surat, Gujarat, India",other
Python for Data Science Certificate,certifications
"Project - Time Series Forecasting. Used Matplotlib, Python, NumPy to solve a practical problem.",projects
"Built Digital Marketing Campaign with SEO, Email Marketing, Google Analytics.",projects
GitHub: github.com/candidate,other
"Business Analyst at Tech Solutions Pvt Ltd, 2023 - 2024. Worked on Matplotlib related tasks.",experience
Achievement: Reduced processing time by 25%,achievements
Phone: +91 9876543210,other
Date of Birth: 12 January 2002,other
Skills: Keyword Research | Social Media Marketing | Google Analytics | Email Marketing | SEO | Google Ads,skills
Bachelor of Computer Applications from PES University (2022 - 2026),education
Certified in AWS Cloud Practitioner Certification,certifications
"HR Manager at Tech Solutions Pvt Ltd, 2020 - Present. Worked on Communication related tasks.",experience
"Core Skills: Matplotlib, Power BI, Python, SQL",skills
"Motivated Web Developer with knowledge of FastAPI, HTML, MySQL, CSS and a strong interest in solving real-world problems.",summary
"Inventory Management System: Developed using Python, Bootstrap, HTML.",projects
"Google Ads, SEO, Google Analytics, Content Marketing, Meta Ads",skills
"Built HR Analytics Dashboard with Talent Acquisition, Payroll, Recruitment.",projects
"Talent Acquisition, Employee Engagement, Payroll, Onboarding, Recruitment",skills
Worked as HR Executive with ABC Technologies from 2019 to 2020.,experience
Achieved top performer recognition,achievements
Worked as Marketing Executive with ABC Technologies from 2021 to 2022.,experience
"Built SEO Optimization Project with Google Analytics, Keyword Research, Social Media Marketing.",projects
"Built Online Booking Platform with Java, Bootstrap, FastAPI.",projects
Institute of Technology | Bachelor of Business Administration | 2022 - 2024,education
Award: Received Employee of the Month award,achievements
"Motivated Talent Acquisition Executive with knowledge of Recruitment, Payroll, Employee Engagement, Performance Management and a strong interest in solving real-world problems.",summary
Recognized for: Won first prize in college project competition,achievements
Reduced processing time by 25%,achievements
Python for Data Science Certificate,certifications
Email: candidate@example.com,other
"HR Analytics Dashboard: Developed using HRMS, Payroll, Recruitment.",projects
"Motivated Full Stack Developer with knowledge of MongoDB, Java, FastAPI, Python and a strong interest in solving real-world problems.",summary
"Machine Learning Engineer at ABC Technologies, 2024 - 2025. Worked on NumPy related tasks.",experience
"Surat, Gujarat, India",other
Email: candidate@example.com,other
Recognized for: Won first prize in college project competition,achievements
"Built Anomaly Detection System with EDA, Power BI, Scikit-learn.",projects
"Languages: English, Hindi, Gujarati",other
"Built Social Media Growth Campaign with Google Analytics, Meta Ads, Social Media Marketing.",projects
XYZ College | Bachelor of Commerce | 2020 - 2023,education
Certification: Google Data Analytics Professional Certificate,certifications
"Technical Skills: Keyword Research, Content Marketing, SEO, Social Media Marketing, Email Marketing, Google Analytics",skills
"Languages: English, Hindi, Gujarati",other
"Surat, Gujarat, India",other
Recognized for: Achieved top performer recognition,achievements
"Bachelor of Commerce, PES University, 2023 - 2026",education
"Bootstrap, Java, FastAPI, MySQL, CSS",skills
"Built Employee Engagement Analysis with Recruitment, Onboarding, Communication.",projects
Bachelor of Business Administration from ABC University (2024 - 2028),education
Achievement: Achieved top performer recognition,achievements
Achieved top performer recognition,achievements
Skills: Employee Engagement | Communication | Performance Management,skills
"Languages: English, Hindi, Gujarati",other
"Project - Employee Performance Study. Used Payroll, Onboarding, Employee Engagement to solve a practical problem.",projects
"Motivated Data Analyst with knowledge of Pandas, Power BI, Machine Learning, Data Cleaning and a strong interest in solving real-world problems.",summary
Phone: +91 9876543210,other
PES University | Bachelor of Business Administration | 2021 - 2023,education
"Motivated Machine Learning Engineer with knowledge of Matplotlib, EDA, Python, Power BI and a strong interest in solving real-world problems.",summary
Recognized for: Achieved top performer recognition,achievements
Skills: MySQL | FastAPI | Python | Java | CSS | JavaScript | HTML,skills
"Project - Time Series Forecasting. Used Python, Data Cleaning, Matplotlib to solve a practical problem.",projects
"Google Analytics, Email Marketing, Meta Ads",skills
LinkedIn: linkedin.com/in/candidate,other
Worked as Frontend Developer with ABC Technologies from 2022 to 2024.,experience
"Languages: English, Hindi, Gujarati",other
Worked as Social Media Manager with Tech Solutions Pvt Ltd from 2019 to Present.,experience
"Motivated Digital Marketing Executive with knowledge of Meta Ads, SEO, Google Analytics, Keyword Research and a strong interest in solving real-world problems.",summary
"Surat, Gujarat, India",other
"Bachelor of Science in Information Technology, ABC University, 2021 - 2024",education
"Built Time Series Forecasting with EDA, NumPy, Python.",projects
"Motivated Recruiter with knowledge of Communication, HRMS, Onboarding, Performance Management and a strong interest in solving real-world problems.",summary
Skills: Google Ads | Content Marketing | SEO | Social Media Marketing | Keyword Research | Google Analytics,skills
Digital Marketing Certification,certifications
Achievement: Reduced processing time by 25%,achievements
Phone: +91 9876543210,other
"Technical Skills: EDA, Power BI, Python, NumPy, Pandas",skills
LinkedIn: linkedin.com/in/candidate,other
"Backend Developer at PeopleFirst HR, 2021 - 2023. Worked on MySQL related tasks.",experience
XYZ College | Bachelor of Business Administration | 2019 - 2022,education
Completed Python for Data Science Certificate,certifications
"Motivated HR Executive with knowledge of Performance Management, HRMS, Communication, Recruitment and a strong interest in solving real-world problems.",summary
Python for Data Science Certificate,certifications
Award: Achieved top performer recognition,achievements
Phone: +91 9876543210,other
"Motivated Data Analyst with knowledge of SQL, NumPy, Pandas, EDA and a strong interest in solving real-world problems.",summary
Worked as Digital Marketing Executive with DataVision Analytics from 2023 to 2025.,experience
Skills: MySQL | Git | HTML | MongoDB | CSS | Java,skills
Digital Marketing Certification,certifications
"SEO Specialist at DataVision Analytics, 2021 - Present. Worked on Content Marketing related tasks.",experience
"Software Developer at ABC Technologies, 2019 - 2021. Worked on MongoDB related tasks.",experience
School of Management | Bachelor of Computer Applications | 2021 - 2023,education
Certified in Human Resources Management Certification,certifications
Bachelor of Business Administration from PES University (2022 - 2025),education
Worked as Business Analyst with Tech Solutions Pvt Ltd from 2020 to Present.,experience
Worked as Data Analyst with ABC Technologies from 2024 to 2025.,experience
Skills: Git | FastAPI | HTML | MongoDB,skills
Completed AWS Cloud Practitioner Certification,certifications
"Motivated Marketing Executive with knowledge of Keyword Research, Social Media Marketing, Google Ads, Email Marketing and a strong interest in solving real-world problems.",summary
Worked as Digital Marketing Executive with DataVision Analytics from 2023 to 2024.,experience
ABC University | Bachelor of Science in Information Technology | 2024 - 2027,education
"Employee Engagement Analysis: Developed using Communication, Employee Engagement, Onboarding.",projects
Master of Business Administration from School of Management (2018 - 2021),education
"Technical Skills: Content Marketing, Email Marketing, Meta Ads",skills
Improved campaign engagement by 35%,achievements
Phone: +91 9876543210,other
Worked as Data Analyst with Tech Solutions Pvt Ltd from 2019 to Present.,experience
Certified in Human Resources Management Certification,certifications
Phone: +91 9876543210,other
Skills: Employee Engagement | HRMS | Payroll | Talent Acquisition | Performance Management | Recruitment | Communication,skills
Master of Computer Applications from ABC University (2021 - 2023),education
Skills: HRMS | Employee Engagement | Recruitment | Onboarding | Payroll,skills
"E-Commerce Web Application: Developed using Bootstrap, Python, FastAPI.",projects
"Technical Skills: Meta Ads, Social Media Marketing, Google Analytics, Google Ads, Keyword Research, SEO, Email Marketing",skills
"Motivated Frontend Developer with knowledge of JavaScript, MongoDB, Python, CSS and a strong interest in solving real-world problems.",summary
Digital Marketing Certification,certifications
"Motivated Talent Acquisition Executive with knowledge of HRMS, Performance Management, Talent Acquisition, Employee Engagement and a strong interest in solving real-world problems.",summary
Institute of Technology | Bachelor of Commerce | 2019 - 2021,education
Skills: Java | MySQL | CSS | Bootstrap | HTML | JavaScript,skills
LinkedIn: linkedin.com/in/candidate,other
Certification: AWS Cloud Practitioner Certification,certifications
Worked as Web Developer with Growth Digital Agency from 2021 to 2022.,experience
"Marketing Analytics Dashboard: Developed using Social Media Marketing, Keyword Research, Meta Ads.",projects
Achievement: Reduced processing time by 25%,achievements
Bachelor of Science in Information Technology from School of Management (2020 - 2023),education
Achieved top performer recognition,achievements
"Motivated Backend Developer with knowledge of CSS, MongoDB, FastAPI, Java and a strong interest in solving real-world problems.",summary
Master of Business Administration from PES University (2019 - 2021),education
"Business Analyst at PeopleFirst HR, 2022 - 2023. Worked on Python related tasks.",experience
PES University | Bachelor of Commerce | 2023 - 2025,education
GitHub: github.com/candidate,other
Email: candidate@example.com,other
Skills: Social Media Marketing | Google Ads | Content Marketing,skills
Date of Birth: 12 January 2002,other
"Languages: English, Hindi, Gujarati",other
"Built Anomaly Detection System with EDA, Power BI, Python.",projects
"Motivated Social Media Manager with knowledge of SEO, Keyword Research, Google Ads, Google Analytics and a strong interest in solving real-world problems.",summary
"Motivated HR Executive with knowledge of Payroll, Communication, Employee Engagement, Onboarding and a strong interest in solving real-world problems.",summary
"Digital Marketing Executive at DataVision Analytics, 2024 - 2026. Worked on SEO related tasks.",experience
Completed Google Data Analytics Professional Certificate,certifications
Bachelor of Commerce from Institute of Technology (2020 - 2023),education
"Core Skills: Content Marketing, Google Ads, SEO, Social Media Marketing, Email Marketing, Meta Ads, Google Analytics",skills
"SEO Specialist at PeopleFirst HR, 2021 - 2022. Worked on Keyword Research related tasks.",experience
"Core Skills: Java, Python, FastAPI, Bootstrap, JavaScript, CSS",skills
"Motivated SEO Specialist with knowledge of Content Marketing, SEO, Google Analytics, Google Ads and a strong interest in solving real-world problems.",summary
Completed Google Data Analytics Professional Certificate,certifications
"Bachelor of Science in Information Technology, ABC University, 2022 - 2025",education
"Built Digital Marketing Campaign with Google Analytics, Email Marketing, Content Marketing.",projects
"Technical Skills: MySQL, Java, Python, Bootstrap, CSS, MongoDB",skills
"Motivated Software Developer with knowledge of CSS, MongoDB, HTML, Java and a strong interest in solving real-world problems.",summary
"Motivated Machine Learning Engineer with knowledge of Python, Power BI, NumPy, EDA and a strong interest in solving real-world problems.",summary
"Bachelor of Commerce, Institute of Technology, 2024 - 2026",education
Achievement: Reduced processing time by 25%,achievements
Certification: AWS Cloud Practitioner Certification,certifications
"Bachelor of Science in Information Technology, School of Management, 2022 - 2024",education
"Motivated SEO Specialist with knowledge of Content Marketing, Keyword Research, Social Media Marketing, Google Ads and a strong interest in solving real-world problems.",summary
"Project - Inventory Management System. Used JavaScript, Python, Java to solve a practical problem.",projects
PES University | Master of Computer Applications | 2023 - 2025,education
"Motivated Backend Developer with knowledge of MongoDB, Python, HTML, Bootstrap and a strong interest in solving real-world problems.",summary
Won first prize in college project competition,achievements
"HR Analytics Dashboard: Developed using Employee Engagement, Communication, Onboarding.",projects
GitHub: github.com/candidate,other
Won first prize in college project competition,achievements
"Recruiter at PeopleFirst HR, 2021 - 2022. Worked on Performance Management related tasks.",experience
XYZ College | Master of Business Administration | 2022 - 2025,education
"Technical Skills: Performance Management, Payroll, HRMS, Communication, Onboarding, Talent Acquisition",skills
Achievement: Reduced processing time by 25%,achievements
"Motivated HR Manager with knowledge of Payroll, Recruitment, Communication, Onboarding and a strong interest in solving real-world problems.",summary
"Machine Learning Engineer at DataVision Analytics, 2023 - Present. Worked on EDA related tasks.",experience
Award: Achieved top performer recognition,achievements
"Customer Churn Prediction: Developed using Pandas, NumPy, EDA.",projects
"Motivated Full Stack Developer with knowledge of Python, Git, Java, MySQL and a strong interest in solving real-world problems.",summary
"Employee Engagement, Performance Management, Communication, Recruitment, Payroll, Talent Acquisition, HRMS",skills
"Project - HR Analytics Dashboard. Used Performance Management, Recruitment, HRMS to solve a practical problem.",projects
Certification: Google Data Analytics Professional Certificate,certifications
Achievement: Improved campaign engagement by 35%,achievements
"Built Social Media Growth Campaign with SEO, Email Marketing, Social Media Marketing.",projects
"Motivated Digital Marketing Executive with knowledge of SEO, Google Ads, Content Marketing, Meta Ads and a strong interest in solving real-world problems.",summary
LinkedIn: linkedin.com/in/candidate,other
"Motivated Backend Developer with knowledge of Java, MongoDB, Git, CSS and a strong interest in solving real-world problems.",summary
Improved campaign engagement by 35%,achievements
"Web Developer at Tech Solutions Pvt Ltd, 2020 - 2022. Worked on Java related tasks.",experience
"Motivated Machine Learning Engineer with knowledge of Machine Learning, Pandas, Scikit-learn, NumPy and a strong interest in solving real-world problems.",summary
Worked as Marketing Executive with ABC Technologies from 2022 to 2023.,experience
"Bachelor of Science in Information Technology, XYZ College, 2022 - 2026",education
"Motivated SEO Specialist with knowledge of Keyword Research, Content Marketing, Email Marketing, Google Ads and a strong interest in solving real-world problems.",summary
"Core Skills: Scikit-learn, EDA, Power BI, NumPy",skills
"HR Analytics Dashboard: Developed using Employee Engagement, Recruitment, HRMS.",projects
Certification: Python for Data Science Certificate,certifications
"Built Anomaly Detection System with Power BI, Pandas, Python.",projects
"Motivated Frontend Developer with knowledge of Java, CSS, FastAPI, Git and a strong interest in solving real-world problems.",summary
Award: Improved campaign engagement by 35%,achievements
"Motivated Data Scientist with knowledge of Machine Learning, Pandas, Python, EDA and a strong interest in solving real-world problems.",summary
"Recruiter at PeopleFirst HR, 2022 - 2024. Worked on Onboarding related tasks.",experience
"Motivated Data Scientist with knowledge of SQL, Power BI, Machine Learning, Scikit-learn and a strong interest in solving real-world problems.",summary
Recognized for: Improved campaign engagement by 35%,achievements
Completed AWS Cloud Practitioner Certification,certifications
"Technical Skills: Python, JavaScript, MySQL, CSS, Bootstrap, HTML, MongoDB",skills
"Built Inventory Management System with Python, FastAPI, JavaScript.",projects
"E-Commerce Web Application: Developed using HTML, JavaScript, CSS.",projects
"Bachelor of Commerce, XYZ College, 2019 - 2022",education
Achievement: Reduced processing time by 25%,achievements
"HTML, Java, FastAPI, Python, Bootstrap",skills
Python for Data Science Certificate,certifications
Achievement: Achieved top performer recognition,achievements
Worked as Marketing Executive with Tech Solutions Pvt Ltd from 2019 to 2021.,experience
Achievement: Reduced processing time by 25%,achievements
"Bachelor of Business Administration, School of Management, 2021 - 2023",education
"Motivated Data Analyst with knowledge of SQL, Machine Learning, Power BI, NumPy and a strong interest in solving real-world problems.",summary
"Technical Skills: Bootstrap, MongoDB, FastAPI, HTML, JavaScript",skills
Improved campaign engagement by 35%,achievements
Completed Google Data Analytics Professional Certificate,certifications
GitHub: github.com/candidate,other
Completed Python for Data Science Certificate,certifications
Phone: +91 9876543210,other
"Bachelor of Science in Information Technology, PES University, 2023 - 2025",education
GitHub: github.com/candidate,other
GitHub: github.com/candidate,other
ABC University | Master of Computer Applications | 2021 - 2025,education
Bachelor of Computer Applications from XYZ College (2021 - 2025),education
Recognized for: Reduced processing time by 25%,achievements
Certified in Digital Marketing Certification,certifications
Award: Reduced processing time by 25%,achievements
Completed Google Data Analytics Professional Certificate,certifications
"Software Developer at PeopleFirst HR, 2022 - 2024. Worked on Git related tasks.",experience
Python for Data Science Certificate,certifications
Certification: Python for Data Science Certificate,certifications
Human Resources Management Certification,certifications
"Motivated Backend Developer with knowledge of Java, FastAPI, CSS, HTML and a strong interest in solving real-world problems.",summary
Worked as Social Media Manager with Growth Digital Agency from 2021 to 2023.,experience
"Technical Skills: Java, HTML, CSS, FastAPI, Bootstrap, MySQL",skills
Completed Digital Marketing Certification,certifications
XYZ College | Master of Business Administration | 2018 - 2022,education
"Digital Marketing Campaign: Developed using Google Analytics, Meta Ads, Email Marketing.",projects
Recognized for: Reduced processing time by 25%,achievements
"Surat, Gujarat, India",other
GitHub: github.com/candidate,other
"Project - Customer Churn Prediction. Used Power BI, Scikit-learn, EDA to solve a practical problem.",projects
Achievement: Received Employee of the Month award,achievements
Award: Received Employee of the Month award,achievements
Completed Google Data Analytics Professional Certificate,certifications
"Motivated Data Scientist with knowledge of EDA, Data Cleaning, Pandas, NumPy and a strong interest in solving real-world problems.",summary
"Project - Anomaly Detection System. Used SQL, NumPy, Pandas to solve a practical problem.",projects
Phone: +91 9876543210,other
"Scikit-learn, NumPy, Machine Learning",skills
Completed Google Data Analytics Professional Certificate,certifications
"Bachelor of Business Administration, School of Management, 2023 - 2026",education
School of Management | Master of Business Administration | 2019 - 2022,education
"Motivated Full Stack Developer with knowledge of Python, CSS, JavaScript, MongoDB and a strong interest in solving real-world problems.",summary
"Bachelor of Commerce, PES University, 2019 - 2023",education
"Motivated Marketing Executive with knowledge of Social Media Marketing, SEO, Keyword Research, Content Marketing and a strong interest in solving real-world problems.",summary
"Surat, Gujarat, India",other
"Motivated HR Manager with knowledge of HRMS, Recruitment, Performance Management, Communication and a strong interest in solving real-world problems.",summary
"Built Digital Marketing Campaign with SEO, Social Media Marketing, Google Analytics.",projects
Received Employee of the Month award,achievements
"Business Analyst at DataVision Analytics, 2023 - 2024. Worked on NumPy related tasks.",experience
Achievement: Achieved top performer recognition,achievements
Worked as Talent Acquisition Executive with PeopleFirst HR from 2024 to 2025.,experience
"Data Cleaning, Power BI, SQL, NumPy, Scikit-learn, Matplotlib",skills
"Frontend Developer at Tech Solutions Pvt Ltd, 2023 - Present. Worked on Java related tasks.",experience
"Project - Recruitment Tracking System. Used Employee Engagement, HRMS, Talent Acquisition to solve a practical problem.",projects
Achievement: Received Employee of the Month award,achievements
Completed Digital Marketing Certification,certifications
Phone: +91 9876543210,other
"Digital Marketing Campaign: Developed using Email Marketing, Social Media Marketing, Keyword Research.",projects
"HR Executive at Growth Digital Agency, 2022 - Present. Worked on Onboarding related tasks.",experience
"Core Skills: Email Marketing, SEO, Google Ads, Google Analytics",skills
"Motivated Web Developer with knowledge of MongoDB, CSS, FastAPI, Git and a strong interest in solving real-world problems.",summary
"Surat, Gujarat, India",other
"Project - Anomaly Detection System. Used Scikit-learn, Matplotlib, Machine Learning to solve a practical problem.",projects
"Technical Skills: HRMS, Performance Management, Onboarding, Payroll, Talent Acquisition, Employee Engagement",skills
Skills: Onboarding | Recruitment | HRMS,skills
"Motivated Digital Marketing Executive with knowledge of SEO, Google Analytics, Email Marketing, Keyword Research and a strong interest in solving real-world problems.",summary
Improved campaign engagement by 35%,achievements
"Core Skills: SQL, Power BI, Pandas, Scikit-learn, Python, Machine Learning",skills
Award: Reduced processing time by 25%,achievements
Worked as Digital Marketing Executive with Tech Solutions Pvt Ltd from 2023 to Present.,experience
"Core Skills: HRMS, Onboarding, Performance Management, Communication, Talent Acquisition",skills
Phone: +91 9876543210,other
GitHub: github.com/candidate,other
"Project - Customer Churn Prediction. Used NumPy, Data Cleaning, Matplotlib to solve a practical problem.",projects
"Service Provider System: Developed using FastAPI, MySQL, Bootstrap.",projects
"Project - Inventory Management System. Used MongoDB, MySQL, HTML to solve a practical problem.",projects
"Technical Skills: Performance Management, Employee Engagement, Onboarding",skills
"Core Skills: Google Analytics, Keyword Research, Social Media Marketing, Google Ads",skills
"Technical Skills: Social Media Marketing, Content Marketing, Google Ads",skills
ABC University | Bachelor of Science in Information Technology | 2018 - 2021,education
"Frontend Developer at Growth Digital Agency, 2021 - 2023. Worked on Java related tasks.",experience
"Machine Learning, Scikit-learn, Python",skills
Google Data Analytics Professional Certificate,certifications
Completed Digital Marketing Certification,certifications
LinkedIn: linkedin.com/in/candidate,other
Certification: Python for Data Science Certificate,certifications
LinkedIn: linkedin.com/in/candidate,other
Recognized for: Won first prize in college project competition,achievements
Achievement: Reduced processing time by 25%,achievements
"HR Manager at Growth Digital Agency, 2021 - Present. Worked on HRMS related tasks.",experience
Certification: Human Resources Management Certification,certifications
"Data Cleaning, SQL, NumPy",skills
"Motivated Marketing Executive with knowledge of Meta Ads, Google Analytics, Keyword Research, SEO and a strong interest in solving real-world problems.",summary
"Machine Learning, Power BI, Matplotlib",skills
"Master of Computer Applications, XYZ College, 2018 - 2020",education
"Technical Skills: Java, MongoDB, HTML, Bootstrap, Git, JavaScript",skills
Worked as Frontend Developer with DataVision Analytics from 2023 to 2024.,experience
Achieved top performer recognition,achievements
"Full Stack Developer at Growth Digital Agency, 2019 - Present. Worked on MongoDB related tasks.",experience
Master of Computer Applications from Institute of Technology (2024 - 2028),education
"Pandas, Machine Learning, SQL",skills
Award: Achieved top performer recognition,achievements
"Motivated Web Developer with knowledge of JavaScript, Git, MySQL, CSS and a strong interest in solving real-world problems.",summary
"Motivated Talent Acquisition Executive with knowledge of Employee Engagement, Performance Management, Payroll, HRMS and a strong interest in solving real-world problems.",summary
"Master of Computer Applications, XYZ College, 2023 - 2025",education
Certification: Python for Data Science Certificate,certifications
Date of Birth: 12 January 2002,other
Human Resources Management Certification,certifications
"Marketing Executive at DataVision Analytics, 2020 - 2022. Worked on Social Media Marketing related tasks.",experience
Certification: Python for Data Science Certificate,certifications
"Data Analyst at PeopleFirst HR, 2019 - Present. Worked on SQL related tasks.",experience
"Motivated Software Developer with knowledge of FastAPI, Java, Bootstrap, Git and a strong interest in solving real-world problems.",summary
GitHub: github.com/candidate,other
Recognized for: Reduced processing time by 25%,achievements
"Built SEO Optimization Project with Social Media Marketing, Content Marketing, Email Marketing.",projects
"Social Media Manager at Growth Digital Agency, 2023 - 2025. Worked on SEO related tasks.",experience
Certified in Digital Marketing Certification,certifications
"Motivated HR Executive with knowledge of HRMS, Employee Engagement, Onboarding, Communication and a strong interest in solving real-world problems.",summary
GitHub: github.com/candidate,other
"Core Skills: Talent Acquisition, Recruitment, Communication, Onboarding, Performance Management, Employee Engagement, Payroll",skills
Skills: HRMS | Recruitment | Payroll | Performance Management | Employee Engagement | Communication,skills
"Core Skills: CSS, MongoDB, JavaScript, Python, HTML, MySQL",skills
Certified in Digital Marketing Certification,certifications
Award: Won first prize in college project competition,achievements
Achievement: Won first prize in college project competition,achievements
Python for Data Science Certificate,certifications
"Project - Recruitment Tracking System. Used Onboarding, Communication, Payroll to solve a practical problem.",projects
"Technical Skills: Recruitment, Communication, Onboarding, HRMS",skills
Worked as Marketing Executive with PeopleFirst HR from 2021 to 2023.,experience
"Project - Online Booking Platform. Used Git, HTML, Java to solve a practical problem.",projects
"Technical Skills: Communication, Onboarding, HRMS, Performance Management, Employee Engagement, Payroll, Talent Acquisition",skills
"Recruiter at DataVision Analytics, 2024 - 2026. Worked on Talent Acquisition related tasks.",experience
LinkedIn: linkedin.com/in/candidate,other
"Master of Computer Applications, PES University, 2021 - 2025",education
"E-Commerce Web Application: Developed using Bootstrap, CSS, Git.",projects
Certification: Digital Marketing Certification,certifications
Certification: Digital Marketing Certification,certifications
Worked as Software Developer with DataVision Analytics from 2022 to 2024.,experience
Completed Digital Marketing Certification,certifications
"Web Developer at Growth Digital Agency, 2019 - Present. Worked on CSS related tasks.",experience
Certified in Digital Marketing Certification,certifications
Skills: SEO | Content Marketing | Google Analytics | Meta Ads | Google Ads | Social Media Marketing,skills
"Motivated HR Manager with knowledge of Communication, Talent Acquisition, HRMS, Onboarding and a strong interest in solving real-world problems.",summary
Certification: Human Resources Management Certification,certifications
Worked as Recruiter with Growth Digital Agency from 2020 to 2021.,experience
"Project - Anomaly Detection System. Used Matplotlib, Data Cleaning, Pandas to solve a practical problem.",projects
"Motivated Social Media Manager with knowledge of Google Ads, Social Media Marketing, Content Marketing, Keyword Research and a strong interest in solving real-world problems.",summary
"Email Marketing, Keyword Research, Meta Ads, Content Marketing, SEO, Social Media Marketing, Google Analytics",skills
"Core Skills: Social Media Marketing, Content Marketing, Email Marketing",skills
Award: Won first prize in college project competition,achievements
LinkedIn: linkedin.com/in/candidate,other
"Built Recruitment Tracking System with Talent Acquisition, Employee Engagement, Onboarding.",projects
"Motivated Data Analyst with knowledge of EDA, Pandas, Scikit-learn, Matplotlib and a strong interest in solving real-world problems.",summary
Worked as Talent Acquisition Executive with Tech Solutions Pvt Ltd from 2020 to 2022.,experience
"Built Employee Engagement Analysis with Talent Acquisition, Performance Management, HRMS.",projects
Institute of Technology | Master of Business Administration | 2024 - 2027,education
Reduced processing time by 25%,achievements
"Google Analytics, Keyword Research, Meta Ads, Google Ads, SEO, Email Marketing",skills
Certification: Python for Data Science Certificate,certifications
"Core Skills: Keyword Research, SEO, Social Media Marketing, Google Ads",skills
PES University | Bachelor of Computer Applications | 2021 - 2024,education
"Project - Service Provider System. Used Bootstrap, Java, HTML to solve a practical problem.",projects
"Built Employee Engagement Analysis with Recruitment, HRMS, Talent Acquisition.",projects
Award: Achieved top performer recognition,achievements
"Marketing Executive at DataVision Analytics, 2023 - 2025. Worked on Social Media Marketing related tasks.",experience
Worked as Machine Learning Engineer with ABC Technologies from 2022 to 2023.,experience
"Core Skills: MySQL, Python, JavaScript, CSS",skills
"Motivated Digital Marketing Executive with knowledge of Content Marketing, Meta Ads, Google Ads, Google Analytics and a strong interest in solving real-world problems.",summary
"Motivated Business Analyst with knowledge of Scikit-learn, Python, SQL, Power BI and a strong interest in solving real-world problems.",summary
"Master of Business Administration, Institute of Technology, 2022 - 2026",education
LinkedIn: linkedin.com/in/candidate,other
"Motivated Social Media Manager with knowledge of Social Media Marketing, Google Ads, Keyword Research, Meta Ads and a strong interest in solving real-world problems.",summary
Achieved top performer recognition,achievements
Certification: Python for Data Science Certificate,certifications
"Technical Skills: Keyword Research, Social Media Marketing, Content Marketing, Google Ads, Google Analytics, Email Marketing",skills
Phone: +91 9876543210,other
"Core Skills: SQL, Pandas, NumPy, Machine Learning, Power BI, Data Cleaning",skills
"Project - Employee Engagement Analysis. Used HRMS, Recruitment, Performance Management to solve a practical problem.",projects
"Data Cleaning, Scikit-learn, Machine Learning",skills
"Motivated Digital Marketing Executive with knowledge of Email Marketing, Keyword Research, Meta Ads, SEO and a strong interest in solving real-world problems.",summary
Master of Computer Applications from XYZ College (2022 - 2025),education
Bachelor of Commerce from XYZ College (2019 - 2021),education
"Core Skills: Content Marketing, Google Analytics, Social Media Marketing",skills
"Bachelor of Business Administration, Institute of Technology, 2019 - 2023",education
Date of Birth: 12 January 2002,other
"Social Media Growth Campaign: Developed using Social Media Marketing, Keyword Research, SEO.",projects
"Bachelor of Science in Information Technology, School of Management, 2021 - 2025",education
"Built Anomaly Detection System with Python, NumPy, Power BI.",projects
Worked as Business Analyst with ABC Technologies from 2024 to 2025.,experience
Email: candidate@example.com,other
"Motivated HR Manager with knowledge of Onboarding, Payroll, Recruitment, Employee Engagement and a strong interest in solving real-world problems.",summary
Reduced processing time by 25%,achievements
Recognized for: Received Employee of the Month award,achievements
Phone: +91 9876543210,other
"Motivated SEO Specialist with knowledge of Google Ads, Social Media Marketing, Meta Ads, SEO and a strong interest in solving real-world problems.",summary
Skills: Data Cleaning | NumPy | Machine Learning | Pandas | EDA | Power BI,skills
Skills: SEO | Google Analytics | Meta Ads,skills
Recognized for: Reduced processing time by 25%,achievements
Certification: AWS Cloud Practitioner Certification,certifications
"Core Skills: Employee Engagement, Recruitment, Talent Acquisition, Payroll, HRMS, Communication, Performance Management",skills
"Motivated Machine Learning Engineer with knowledge of Pandas, Power BI, SQL, Data Cleaning and a strong interest in solving real-world problems.",summary
AWS Cloud Practitioner Certification,certifications
Completed Digital Marketing Certification,certifications
"Core Skills: Performance Management, Payroll, Employee Engagement, Talent Acquisition, Onboarding, HRMS",skills
"Project - SEO Optimization Project. Used Keyword Research, Meta Ads, SEO to solve a practical problem.",projects
ABC University | Bachelor of Commerce | 2018 - 2022,education
Certification: Python for Data Science Certificate,certifications
Achievement: Reduced processing time by 25%,achievements
Worked as Digital Marketing Executive with PeopleFirst HR from 2019 to Present.,experience
"Surat, Gujarat, India",other
"Time Series Forecasting: Developed using SQL, Scikit-learn, Machine Learning.",projects
Recognized for: Achieved top performer recognition,achievements
Email: candidate@example.com,other
"Surat, Gujarat, India",other
Worked as Business Analyst with PeopleFirst HR from 2020 to 2021.,experience
"Talent Acquisition, Payroll, Employee Engagement, Onboarding, Communication, Performance Management, Recruitment",skills
Recognized for: Reduced processing time by 25%,achievements
"Project - Digital Marketing Campaign. Used Email Marketing, Meta Ads, Keyword Research to solve a practical problem.",projects
ABC University | Master of Computer Applications | 2019 - 2023,education
LinkedIn: linkedin.com/in/candidate,other
Skills: SQL | Python | Scikit-learn | Machine Learning,skills
"Core Skills: FastAPI, JavaScript, Java, HTML",skills
"Motivated Recruiter with knowledge of Talent Acquisition, Onboarding, Employee Engagement, HRMS and a strong interest in solving real-world problems.",summary
Certification: Google Data Analytics Professional Certificate,certifications
Award: Achieved top performer recognition,achievements
"Master of Business Administration, PES University, 2024 - 2026",education
Digital Marketing Certification,certifications
"Languages: English, Hindi, Gujarati",other
"Bachelor of Commerce, PES University, 2019 - 2022",education
Date of Birth: 12 January 2002,other
ABC University | Master of Computer Applications | 2023 - 2026,education
Achievement: Improved campaign engagement by 35%,achievements
Completed AWS Cloud Practitioner Certification,certifications
GitHub: github.com/candidate,other
Award: Improved campaign engagement by 35%,achievements
Certification: Google Data Analytics Professional Certificate,certifications
Certification: Google Data Analytics Professional Certificate,certifications
Recognized for: Achieved top performer recognition,achievements
"Motivated Frontend Developer with knowledge of Git, CSS, Python, Bootstrap and a strong interest in solving real-world problems.",summary
Award: Reduced processing time by 25%,achievements
"Motivated Data Analyst with knowledge of Power BI, Python, EDA, Scikit-learn and a strong interest in solving real-world problems.",summary
"Technical Skills: Performance Management, HRMS, Communication, Payroll, Talent Acquisition",skills
"Core Skills: Power BI, Machine Learning, Pandas, SQL, EDA",skills
"SEO, Social Media Marketing, Meta Ads, Google Ads, Content Marketing, Email Marketing",skills
Achievement: Received Employee of the Month award,achievements
"Core Skills: FastAPI, MongoDB, Python, HTML, MySQL",skills
"Technical Skills: Recruitment, Payroll, HRMS, Talent Acquisition, Employee Engagement, Performance Management, Onboarding",skills
Completed Google Data Analytics Professional Certificate,certifications
Worked as Data Analyst with DataVision Analytics from 2021 to Present.,experience
Recognized for: Won first prize in college project competition,achievements
Improved campaign engagement by 35%,achievements
Won first prize in college project competition,achievements
"Motivated Social Media Manager with knowledge of Meta Ads, Social Media Marketing, Keyword Research, Email Marketing and a strong interest in solving real-world problems.",summary
Date of Birth: 12 January 2002,other
"Service Provider System: Developed using Java, MySQL, JavaScript.",projects
"Core Skills: HRMS, Payroll, Performance Management, Employee Engagement, Recruitment",skills
Python for Data Science Certificate,certifications
Worked as Business Analyst with Growth Digital Agency from 2019 to Present.,experience
"Machine Learning, Python, Scikit-learn",skills
"NumPy, Data Cleaning, EDA, SQL, Pandas",skills
Award: Won first prize in college project competition,achievements
Skills: Power BI | EDA | Machine Learning | Scikit-learn | Matplotlib | SQL,skills
Bachelor of Computer Applications from PES University (2021 - 2025),education
"Motivated Backend Developer with knowledge of FastAPI, Java, Git, HTML and a strong interest in solving real-world problems.",summary
"Backend Developer at PeopleFirst HR, 2024 - 2025. Worked on Python related tasks.",experience
Recognized for: Won first prize in college project competition,achievements
LinkedIn: linkedin.com/in/candidate,other
GitHub: github.com/candidate,other
PES University | Bachelor of Computer Applications | 2018 - 2020,education
"Languages: English, Hindi, Gujarati",other
"Technical Skills: Content Marketing, Google Analytics, SEO",skills
"Project - Customer Churn Prediction. Used Scikit-learn, EDA, Power BI to solve a practical problem.",projects
"Online Booking Platform: Developed using Python, Bootstrap, CSS.",projects
"Built Anomaly Detection System with Matplotlib, SQL, Python.",projects
"Project - Online Booking Platform. Used JavaScript, Java, Bootstrap to solve a practical problem.",projects
Achieved top performer recognition,achievements
"Built Recruitment Tracking System with Payroll, Performance Management, Employee Engagement.",projects
"Bachelor of Science in Information Technology, PES University, 2023 - 2027",education
"Matplotlib, Power BI, Pandas",skills
"Pandas, Matplotlib, Machine Learning",skills
Achievement: Won first prize in college project competition,achievements
LinkedIn: linkedin.com/in/candidate,other
"Motivated SEO Specialist with knowledge of Content Marketing, Google Ads, Google Analytics, SEO and a strong interest in solving real-world problems.",summary
"Master of Business Administration, School of Management, 2018 - 2020",education
Certification: Human Resources Management Certification,certifications
Institute of Technology | Bachelor of Computer Applications | 2022 - 2025,education
Skills: JavaScript | Bootstrap | FastAPI,skills
"Project - Anomaly Detection System. Used Scikit-learn, NumPy, Data Cleaning to solve a practical problem.",projects
"Motivated Web Developer with knowledge of MySQL, MongoDB, CSS, Git and a strong interest in solving real-world problems.",summary
"Digital Marketing Executive at DataVision Analytics, 2024 - 2026. Worked on Google Analytics related tasks.",experience
"Master of Computer Applications, Institute of Technology, 2022 - 2025",education
Digital Marketing Certification,certifications
GitHub: github.com/candidate,other
"Recruitment Tracking System: Developed using Onboarding, Communication, Recruitment.",projects
Bachelor of Commerce from Institute of Technology (2020 - 2023),education
"Master of Business Administration, PES University, 2019 - 2021",education
"Bachelor of Computer Applications, XYZ College, 2021 - 2023",education
"Motivated Talent Acquisition Executive with knowledge of Performance Management, HRMS, Onboarding, Communication and a strong interest in solving real-world problems.",summary
"Motivated Recruiter with knowledge of Performance Management, Employee Engagement, Payroll, Communication and a strong interest in solving real-world problems.",summary
"Built Anomaly Detection System with Power BI, Scikit-learn, Machine Learning.",projects
"Marketing Analytics Dashboard: Developed using Google Analytics, Google Ads, Content Marketing.",projects
"Marketing Analytics Dashboard: Developed using Meta Ads, Social Media Marketing, Google Ads.",projects
Certified in Google Data Analytics Professional Certificate,certifications
"Motivated Data Scientist with knowledge of EDA, Python, Power BI, Scikit-learn and a strong interest in solving real-world problems.",summary
GitHub: github.com/candidate,other
Skills: Talent Acquisition | Payroll | Recruitment | Communication | Performance Management,skills
"Project - Sales Analytics Dashboard. Used Scikit-learn, Machine Learning, EDA to solve a practical problem.",projects
Email: candidate@example.com,other
"HR Manager at ABC Technologies, 2023 - Present. Worked on Recruitment related tasks.",experience
"Core Skills: Machine Learning, Power BI, Scikit-learn, EDA",skills
Completed Digital Marketing Certification,certifications
"Bachelor of Commerce, ABC University, 2018 - 2022",education
Completed Python for Data Science Certificate,certifications
LinkedIn: linkedin.com/in/candidate,other
Phone: +91 9876543210,other
Worked as Software Developer with PeopleFirst HR from 2023 to Present.,experience
"Built Marketing Analytics Dashboard with SEO, Keyword Research, Google Ads.",projects
"Motivated SEO Specialist with knowledge of Google Analytics, Content Marketing, Social Media Marketing, Google Ads and a strong interest in solving real-world problems.",summary
"Project - Employee Engagement Analysis. Used Communication, Talent Acquisition, Onboarding to solve a practical problem.",projects
"Frontend Developer at ABC Technologies, 2023 - 2024. Worked on Git related tasks.",experience
"Built Online Booking Platform with Java, FastAPI, Python.",projects
"Motivated HR Executive with knowledge of Performance Management, HRMS, Talent Acquisition, Employee Engagement and a strong interest in solving real-world problems.",summary
"Surat, Gujarat, India",other
Institute of Technology | Bachelor of Science in Information Technology | 2019 - 2022,education
"HR Executive at Growth Digital Agency, 2024 - Present. Worked on Onboarding related tasks.",experience
Certification: Digital Marketing Certification,certifications
"Project - Employee Engagement Analysis. Used HRMS, Onboarding, Talent Acquisition to solve a practical problem.",projects
Worked as Web Developer with Tech Solutions Pvt Ltd from 2024 to 2025.,experience
"Motivated Talent Acquisition Executive with knowledge of Onboarding, Recruitment, Performance Management, Employee Engagement and a strong interest in solving real-world problems.",summary
Master of Computer Applications from Institute of Technology (2020 - 2022),education
"Motivated Social Media Manager with knowledge of Social Media Marketing, Keyword Research, Meta Ads, Google Analytics and a strong interest in solving real-world problems.",summary
"Motivated Marketing Executive with knowledge of Meta Ads, Google Analytics, Social Media Marketing, Keyword Research and a strong interest in solving real-world problems.",summary
Master of Business Administration from PES University (2020 - 2024),education
GitHub: github.com/candidate,other
"Bachelor of Science in Information Technology, Institute of Technology, 2022 - 2025",education
"Built Digital Marketing Campaign with Google Ads, SEO, Meta Ads.",projects
"Motivated HR Manager with knowledge of Payroll, Communication, Onboarding, Performance Management and a strong interest in solving real-world problems.",summary
Completed Digital Marketing Certification,certifications
Worked as HR Executive with Growth Digital Agency from 2023 to Present.,experience
"Surat, Gujarat, India",other
Bachelor of Commerce from School of Management (2023 - 2025),education
XYZ College | Master of Computer Applications | 2020 - 2024,education
"Built Anomaly Detection System with Python, Machine Learning, Power BI.",projects
"Motivated Data Scientist with knowledge of Machine Learning, Python, Matplotlib, Pandas and a strong interest in solving real-world problems.",summary
"Motivated Digital Marketing Executive with knowledge of Content Marketing, Meta Ads, Email Marketing, Social Media Marketing and a strong interest in solving real-world problems.",summary
Certified in Python for Data Science Certificate,certifications
Worked as Web Developer with ABC Technologies from 2024 to 2026.,experience
Phone: +91 9876543210,other
"Motivated Marketing Executive with knowledge of Social Media Marketing, Google Analytics, Google Ads, SEO and a strong interest in solving real-world problems.",summary
"Recruiter at ABC Technologies, 2020 - Present. Worked on HRMS related tasks.",experience
Worked as Data Analyst with DataVision Analytics from 2020 to Present.,experience
Bachelor of Business Administration from School of Management (2020 - 2024),education
"Motivated Business Analyst with knowledge of NumPy, Data Cleaning, Machine Learning, SQL and a strong interest in solving real-world problems.",summary
Certification: Digital Marketing Certification,certifications
Skills: Meta Ads | SEO | Google Analytics | Social Media Marketing | Content Marketing,skills
"Motivated Business Analyst with knowledge of EDA, Matplotlib, Pandas, Python and a strong interest in solving real-world problems.",summary
Bachelor of Commerce from XYZ College (2018 - 2020),education
"Project - Online Booking Platform. Used HTML, JavaScript, FastAPI to solve a practical problem.",projects
"Built Inventory Management System with Git, Python, JavaScript.",projects
"Motivated Software Developer with knowledge of Python, HTML, CSS, Git and a strong interest in solving real-world problems.",summary
"Marketing Executive at Growth Digital Agency, 2021 - 2023. Worked on Content Marketing related tasks.",experience
"Online Booking Platform: Developed using Git, MySQL, HTML.",projects
"Pandas, Data Cleaning, SQL, Python, Machine Learning",skills
"Motivated Social Media Manager with knowledge of Content Marketing, Email Marketing, SEO, Meta Ads and a strong interest in solving real-world problems.",summary
Recognized for: Improved campaign engagement by 35%,achievements
Achievement: Achieved top performer recognition,achievements
Award: Achieved top performer recognition,achievements
Won first prize in college project competition,achievements
"Motivated Data Scientist with knowledge of Machine Learning, SQL, NumPy, Scikit-learn and a strong interest in solving real-world problems.",summary
"Motivated HR Executive with knowledge of Communication, Talent Acquisition, Performance Management, Payroll and a strong interest in solving real-world problems.",summary
"Bachelor of Computer Applications, Institute of Technology, 2024 - 2027",education
"Built Employee Engagement Analysis with Employee Engagement, HRMS, Payroll.",projects
"HR Analytics Dashboard: Developed using Onboarding, Talent Acquisition, Recruitment.",projects
"Built Employee Engagement Analysis with Performance Management, Onboarding, Employee Engagement.",projects
Digital Marketing Certification,certifications
Worked as Marketing Executive with Tech Solutions Pvt Ltd from 2022 to Present.,experience
GitHub: github.com/candidate,other
Completed Python for Data Science Certificate,certifications
Completed AWS Cloud Practitioner Certification,certifications
LinkedIn: linkedin.com/in/candidate,other
Improved campaign engagement by 35%,achievements
"Core Skills: HTML, CSS, JavaScript",skills
"Backend Developer at PeopleFirst HR, 2023 - 2025. Worked on FastAPI related tasks.",experience
Python for Data Science Certificate,certifications
AWS Cloud Practitioner Certification,certifications
"Core Skills: Scikit-learn, Pandas, SQL, Power BI, Python, Data Cleaning, Machine Learning",skills
Email: candidate@example.com,other
XYZ College | Master of Business Administration | 2021 - 2025,education
Recognized for: Won first prize in college project competition,achievements
"Motivated Recruiter with knowledge of HRMS, Talent Acquisition, Payroll, Communication and a strong interest in solving real-world problems.",summary
"Project - Marketing Analytics Dashboard. Used Keyword Research, Google Analytics, Content Marketing to solve a practical problem.",projects
Digital Marketing Certification,certifications
Recognized for: Won first prize in college project competition,achievements
"Technical Skills: Employee Engagement, Communication, Talent Acquisition",skills
"Surat, Gujarat, India",other
Human Resources Management Certification,certifications
"Communication, Talent Acquisition, Performance Management, Onboarding, HRMS",skills
"Motivated Marketing Executive with knowledge of Keyword Research, Google Analytics, Google Ads, Social Media Marketing and a strong interest in solving real-world problems.",summary
"Motivated Digital Marketing Executive with knowledge of Google Ads, Google Analytics, Content Marketing, Keyword Research and a strong interest in solving real-world problems.",summary
Achievement: Achieved top performer recognition,achievements
PES University | Bachelor of Computer Applications | 2021 - 2023,education
"Motivated Web Developer with knowledge of MongoDB, HTML, Git, Python and a strong interest in solving real-world problems.",summary
"Motivated Talent Acquisition Executive with knowledge of Employee Engagement, Onboarding, Recruitment, Communication and a strong interest in solving real-world problems.",summary
Certification: Digital Marketing Certification,certifications
"Talent Acquisition Executive at Growth Digital Agency, 2024 - 2026. Worked on Talent Acquisition related tasks.",experience
Human Resources Management Certification,certifications
"HR Executive at ABC Technologies, 2019 - 2020. Worked on Communication related tasks.",experience
"Business Analyst at PeopleFirst HR, 2022 - 2024. Worked on Matplotlib related tasks.",experience
Worked as HR Manager with DataVision Analytics from 2024 to 2026.,experience
"Technical Skills: Google Analytics, Email Marketing, Social Media Marketing, Google Ads, Keyword Research",skills
"Built Customer Churn Prediction with Python, Data Cleaning, Pandas.",projects
"Motivated Full Stack Developer with knowledge of Java, Python, Git, MySQL and a strong interest in solving real-world problems.",summary
Certified in Python for Data Science Certificate,certifications
"Built Marketing Analytics Dashboard with Social Media Marketing, Content Marketing, Email Marketing.",projects
"Data Cleaning, SQL, EDA, Pandas, Scikit-learn, Matplotlib",skills
Skills: Content Marketing | Google Analytics | SEO | Social Media Marketing | Email Marketing,skills
"Motivated Frontend Developer with knowledge of JavaScript, HTML, Bootstrap, Python and a strong interest in solving real-world problems.",summary
Skills: Content Marketing | Social Media Marketing | Meta Ads | Google Analytics | SEO | Email Marketing | Google Ads,skills
"Motivated SEO Specialist with knowledge of Social Media Marketing, Email Marketing, Google Analytics, SEO and a strong interest in solving real-world problems.",summary
"Data Scientist at PeopleFirst HR, 2023 - 2025. Worked on Data Cleaning related tasks.",experience
Recognized for: Improved campaign engagement by 35%,achievements
Worked as Digital Marketing Executive with Tech Solutions Pvt Ltd from 2019 to Present.,experience
"Technical Skills: Google Analytics, Google Ads, Keyword Research, SEO, Email Marketing",skills
"Motivated Web Developer with knowledge of HTML, CSS, FastAPI, Bootstrap and a strong interest in solving real-world problems.",summary
Recognized for: Won first prize in college project competition,achievements
Certified in AWS Cloud Practitioner Certification,certifications
Won first prize in college project competition,achievements
Bachelor of Business Administration from School of Management (2023 - 2026),education
Master of Business Administration from School of Management (2023 - 2026),education
Bachelor of Science in Information Technology from School of Management (2020 - 2024),education
Skills: HRMS | Recruitment | Onboarding | Performance Management | Payroll,skills
"Social Media Growth Campaign: Developed using Email Marketing, Social Media Marketing, SEO.",projects
Date of Birth: 12 January 2002,other
Python for Data Science Certificate,certifications
Award: Achieved top performer recognition,achievements
"Technical Skills: Power BI, NumPy, Pandas",skills
Worked as Business Analyst with DataVision Analytics from 2023 to Present.,experience
"Talent Acquisition Executive at DataVision Analytics, 2019 - 2020. Worked on Employee Engagement related tasks.",experience
"Technical Skills: Payroll, Employee Engagement, Talent Acquisition",skills
Worked as SEO Specialist with ABC Technologies from 2019 to 2020.,experience
Achieved top performer recognition,achievements
"Surat, Gujarat, India",other
Bachelor of Commerce from School of Management (2019 - 2022),education
LinkedIn: linkedin.com/in/candidate,other
"Project - Digital Marketing Campaign. Used Meta Ads, Content Marketing, Social Media Marketing to solve a practical problem.",projects
Bachelor of Computer Applications from School of Management (2018 - 2020),education
Award: Improved campaign engagement by 35%,achievements
"Bachelor of Science in Information Technology, XYZ College, 2022 - 2026",education
Certified in AWS Cloud Practitioner Certification,certifications
Bachelor of Science in Information Technology from School of Management (2023 - 2027),education
School of Management | Bachelor of Commerce | 2022 - 2024,education
"Master of Business Administration, School of Management, 2019 - 2022",education
"Marketing Executive at Tech Solutions Pvt Ltd, 2019 - 2020. Worked on Google Analytics related tasks.",experience
"Data Analyst at Tech Solutions Pvt Ltd, 2019 - 2020. Worked on Scikit-learn related tasks.",experience
Award: Achieved top performer recognition,achievements
Email: candidate@example.com,other
Bachelor of Computer Applications from School of Management (2022 - 2024),education
Worked as Frontend Developer with DataVision Analytics from 2021 to Present.,experience
School of Management | Bachelor of Science in Information Technology | 2024 - 2026,education
Worked as Recruiter with PeopleFirst HR from 2021 to Present.,experience
Won first prize in college project competition,achievements
Certified in Digital Marketing Certification,certifications
Date of Birth: 12 January 2002,other
Achievement: Reduced processing time by 25%,achievements
"Bachelor of Computer Applications, ABC University, 2022 - 2025",education
"Built Customer Churn Prediction with Machine Learning, NumPy, Pandas.",projects
Date of Birth: 12 January 2002,other
GitHub: github.com/candidate,other
LinkedIn: linkedin.com/in/candidate,other
LinkedIn: linkedin.com/in/candidate,other
"HR Manager at ABC Technologies, 2019 - Present. Worked on Employee Engagement related tasks.",experience
AWS Cloud Practitioner Certification,certifications
Reduced processing time by 25%,achievements
"Motivated Talent Acquisition Executive with knowledge of Payroll, Employee Engagement, Communication, Recruitment and a strong interest in solving real-world problems.",summary
"Built SEO Optimization Project with Social Media Marketing, Google Ads, Meta Ads.",projects
"Languages: English, Hindi, Gujarati",other
AWS Cloud Practitioner Certification,certifications
"Built Marketing Analytics Dashboard with Keyword Research, Email Marketing, Meta Ads.",projects
Certified in Human Resources Management Certification,certifications
Reduced processing time by 25%,achievements
Recognized for: Achieved top performer recognition,achievements
Achieved top performer recognition,achievements
"Technical Skills: Talent Acquisition, HRMS, Performance Management, Communication, Employee Engagement, Onboarding, Recruitment",skills
"Project - Online Booking Platform. Used FastAPI, Bootstrap, JavaScript to solve a practical problem.",projects
Award: Won first prize in college project competition,achievements
Recognized for: Achieved top performer recognition,achievements
Certification: Human Resources Management Certification,certifications
"Master of Business Administration, Institute of Technology, 2020 - 2022",education
Worked as Business Analyst with Tech Solutions Pvt Ltd from 2023 to Present.,experience
"Core Skills: Data Cleaning, NumPy, SQL, Pandas",skills
"Built HR Analytics Dashboard with Recruitment, Talent Acquisition, Performance Management.",projects
"Motivated Talent Acquisition Executive with knowledge of Recruitment, HRMS, Talent Acquisition, Communication and a strong interest in solving real-world problems.",summary
"Motivated HR Manager with knowledge of Communication, HRMS, Recruitment, Payroll and a strong interest in solving real-world problems.",summary
Worked as Business Analyst with DataVision Analytics from 2020 to Present.,experience
"Technical Skills: Pandas, Python, Scikit-learn, Machine Learning, SQL",skills
"Motivated Data Scientist with knowledge of Scikit-learn, Pandas, SQL, NumPy and a strong interest in solving real-world problems.",summary
Achievement: Improved campaign engagement by 35%,achievements
Completed Human Resources Management Certification,certifications
Certification: Python for Data Science Certificate,certifications
"Motivated Business Analyst with knowledge of NumPy, EDA, Pandas, Power BI and a strong interest in solving real-world problems.",summary
"Data Scientist at Growth Digital Agency, 2024 - Present. Worked on Pandas related tasks.",experience
"Core Skills: Talent Acquisition, HRMS, Performance Management, Onboarding, Recruitment",skills
Worked as Digital Marketing Executive with Growth Digital Agency from 2024 to 2026.,experience
Phone: +91 9876543210,other
"Motivated Machine Learning Engineer with knowledge of Scikit-learn, NumPy, Power BI, SQL and a strong interest in solving real-world problems.",summary
"Employee Engagement Analysis: Developed using Communication, Talent Acquisition, HRMS.",projects
Date of Birth: 12 January 2002,other
XYZ College | Bachelor of Science in Information Technology | 2018 - 2021,education
Certified in Human Resources Management Certification,certifications
Institute of Technology | Bachelor of Business Administration | 2018 - 2022,education
"Project - SEO Optimization Project. Used SEO, Email Marketing, Google Ads to solve a practical problem.",projects
Achievement: Won first prize in college project competition,achievements
Master of Business Administration from Institute of Technology (2020 - 2022),education
"Motivated Data Analyst with knowledge of SQL, EDA, NumPy, Scikit-learn and a strong interest in solving real-world problems.",summary
"Built E-Commerce Web Application with Bootstrap, CSS, Java.",projects
Certification: Digital Marketing Certification,certifications
Award: Achieved top performer recognition,achievements
"Motivated Recruiter with knowledge of HRMS, Performance Management, Talent Acquisition, Onboarding and a strong interest in solving real-world problems.",summary
Completed Human Resources Management Certification,certifications
"Web Developer at Tech Solutions Pvt Ltd, 2020 - Present. Worked on FastAPI related tasks.",experience
"Inventory Management System: Developed using CSS, Java, FastAPI.",projects
Skills: NumPy | EDA | Pandas,skills
"Motivated Frontend Developer with knowledge of JavaScript, Bootstrap, MongoDB, Java and a strong interest in solving real-world problems.",summary
"Motivated Business Analyst with knowledge of EDA, Python, SQL, Matplotlib and a strong interest in solving real-world problems.",summary
"Employee Performance Study: Developed using Recruitment, Employee Engagement, HRMS.",projects
"Marketing Executive at ABC Technologies, 2022 - 2024. Worked on Meta Ads related tasks.",experience
Recognized for: Achieved top performer recognition,achievements
Completed AWS Cloud Practitioner Certification,certifications
"Motivated Business Analyst with knowledge of Data Cleaning, NumPy, Machine Learning, Python and a strong interest in solving real-world problems.",summary
"Communication, Recruitment, Employee Engagement",skills
"Social Media Manager at PeopleFirst HR, 2023 - 2025. Worked on Meta Ads related tasks.",experience
"Surat, Gujarat, India",other
Reduced processing time by 25%,achievements
"Surat, Gujarat, India",other
Received Employee of the Month award,achievements
"Project - E-Commerce Web Application. Used CSS, MySQL, MongoDB to solve a practical problem.",projects
"Master of Computer Applications, School of Management, 2023 - 2025",education
Completed Google Data Analytics Professional Certificate,certifications
"Project - Online Booking Platform. Used MongoDB, FastAPI, Java to solve a practical problem.",projects
Worked as Recruiter with DataVision Analytics from 2019 to 2020.,experience
Digital Marketing Certification,certifications
Achieved top performer recognition,achievements
Skills: JavaScript | Git | MongoDB | Python | CSS | HTML | Java,skills
Recognized for: Won first prize in college project competition,achievements
Achievement: Reduced processing time by 25%,achievements
"EDA, Scikit-learn, Pandas, Data Cleaning, NumPy, Machine Learning, Matplotlib",skills
"Motivated Software Developer with knowledge of Java, MySQL, Git, FastAPI and a strong interest in solving real-world problems.",summary
Google Data Analytics Professional Certificate,certifications
"Git, MongoDB, JavaScript, FastAPI",skills
"Motivated Digital Marketing Executive with knowledge of SEO, Google Ads, Content Marketing, Meta Ads and a strong interest in solving real-world problems.",summary
Completed Python for Data Science Certificate,certifications
"Motivated Business Analyst with knowledge of Data Cleaning, Python, SQL, EDA and a strong interest in solving real-world problems.",summary
Improved campaign engagement by 35%,achievements
AWS Cloud Practitioner Certification,certifications
Worked as Machine Learning Engineer with DataVision Analytics from 2022 to 2023.,experience
"Motivated HR Manager with knowledge of Payroll, Talent Acquisition, Recruitment, Onboarding and a strong interest in solving real-world problems.",summary
"Motivated Talent Acquisition Executive with knowledge of Performance Management, Communication, HRMS, Recruitment and a strong interest in solving real-world problems.",summary
Bachelor of Science in Information Technology from Institute of Technology (2021 - 2024),education
LinkedIn: linkedin.com/in/candidate,other
Bachelor of Business Administration from XYZ College (2023 - 2025),education
Bachelor of Science in Information Technology from XYZ College (2022 - 2024),education
Skills: Email Marketing | Google Analytics | Social Media Marketing | SEO | Google Ads | Content Marketing | Meta Ads,skills
"Marketing Executive at DataVision Analytics, 2021 - 2023. Worked on Keyword Research related tasks.",experience
Achievement: Won first prize in college project competition,achievements
"Recruiter at ABC Technologies, 2019 - 2020. Worked on Communication related tasks.",experience
"Project - Marketing Analytics Dashboard. Used Google Analytics, Email Marketing, Meta Ads to solve a practical problem.",projects
Award: Won first prize in college project competition,achievements
"Built Time Series Forecasting with Scikit-learn, Power BI, Data Cleaning.",projects
"Machine Learning Engineer at Tech Solutions Pvt Ltd, 2022 - Present. Worked on Machine Learning related tasks.",experience
Achievement: Reduced processing time by 25%,achievements
Master of Computer Applications from ABC University (2018 - 2022),education
Certified in Python for Data Science Certificate,certifications
Date of Birth: 12 January 2002,other
"Built Service Provider System with CSS, Python, JavaScript.",projects
Recognized for: Reduced processing time by 25%,achievements
Recognized for: Improved campaign engagement by 35%,achievements
"Master of Computer Applications, Institute of Technology, 2018 - 2022",education
"Core Skills: Talent Acquisition, Employee Engagement, Payroll, Recruitment, Performance Management, Onboarding, Communication",skills
Worked as Marketing Executive with ABC Technologies from 2020 to Present.,experience
Certification: Digital Marketing Certification,certifications
"Bachelor of Science in Information Technology, XYZ College, 2022 - 2025",education
Human Resources Management Certification,certifications
Date of Birth: 12 January 2002,other
"Motivated Full Stack Developer with knowledge of JavaScript, CSS, Git, Java and a strong interest in solving real-world problems.",summary
Email: candidate@example.com,other
"MySQL, Java, Git",skills
"Built Employee Performance Study with Employee Engagement, Payroll, Recruitment.",projects
School of Management | Bachelor of Commerce | 2019 - 2023,education
Received Employee of the Month award,achievements
"Built E-Commerce Web Application with CSS, HTML, MongoDB.",projects
"Built SEO Optimization Project with Keyword Research, Google Analytics, Social Media Marketing.",projects
Phone: +91 9876543210,other
Bachelor of Science in Information Technology from ABC University (2020 - 2022),education
XYZ College | Master of Business Administration | 2020 - 2022,education
"Data Analyst at Tech Solutions Pvt Ltd, 2021 - Present. Worked on Scikit-learn related tasks.",experience
"Core Skills: Talent Acquisition, Onboarding, Performance Management, Payroll",skills
Completed AWS Cloud Practitioner Certification,certifications
Skills: Email Marketing | Google Ads | Social Media Marketing | SEO | Content Marketing,skills
"Bachelor of Computer Applications, Institute of Technology, 2024 - 2027",education
"Motivated Digital Marketing Executive with knowledge of Google Analytics, Meta Ads, Email Marketing, SEO and a strong interest in solving real-world problems.",summary
"Data Analyst at PeopleFirst HR, 2019 - 2021. Worked on Pandas related tasks.",experience
"Motivated Business Analyst with knowledge of Scikit-learn, Python, EDA, Pandas and a strong interest in solving real-world problems.",summary
Improved campaign engagement by 35%,achievements
"HR Executive at PeopleFirst HR, 2021 - 2022. Worked on Onboarding related tasks.",experience
GitHub: github.com/candidate,other
Completed Google Data Analytics Professional Certificate,certifications
Phone: +91 9876543210,other
Human Resources Management Certification,certifications
Certified in AWS Cloud Practitioner Certification,certifications
"Social Media Marketing, Google Analytics, Meta Ads, SEO, Google Ads, Content Marketing",skills
"Bachelor of Computer Applications, School of Management, 2019 - 2021",education
Email: candidate@example.com,other
GitHub: github.com/candidate,other
Master of Business Administration from Institute of Technology (2023 - 2027),education
Achievement: Improved campaign engagement by 35%,achievements
Skills: Git | FastAPI | Java | MongoDB | JavaScript,skills
"Recruiter at ABC Technologies, 2020 - 2022. Worked on Performance Management related tasks.",experience
"Core Skills: JavaScript, CSS, Python, MySQL, Git, FastAPI",skills
Worked as Web Developer with Tech Solutions Pvt Ltd from 2021 to 2023.,experience
"Sales Analytics Dashboard: Developed using Scikit-learn, Matplotlib, EDA.",projects
Phone: +91 9876543210,other
"Email Marketing, Google Analytics, Social Media Marketing, Meta Ads, Google Ads, Keyword Research",skills
"HR Executive at DataVision Analytics, 2022 - 2023. Worked on Talent Acquisition related tasks.",experience
"Master of Business Administration, School of Management, 2019 - 2022",education
"Project - Employee Performance Study. Used Onboarding, Employee Engagement, HRMS to solve a practical problem.",projects
"Software Developer at ABC Technologies, 2021 - 2022. Worked on FastAPI related tasks.",experience
Phone: +91 9876543210,other
Certified in Google Data Analytics Professional Certificate,certifications
Achieved top performer recognition,achievements
"Motivated Social Media Manager with knowledge of Keyword Research, Meta Ads, Social Media Marketing, Content Marketing and a strong interest in solving real-world problems.",summary
"HR Analytics Dashboard: Developed using Onboarding, Performance Management, Talent Acquisition.",projects
Bachelor of Business Administration from School of Management (2024 - 2028),education
"Surat, Gujarat, India",other
"Built Time Series Forecasting with NumPy, Scikit-learn, Machine Learning.",projects
LinkedIn: linkedin.com/in/candidate,other
Phone: +91 9876543210,other
"Employee Engagement Analysis: Developed using HRMS, Payroll, Onboarding.",projects
"Master of Computer Applications, ABC University, 2020 - 2024",education
Certification: AWS Cloud Practitioner Certification,certifications
Certified in Python for Data Science Certificate,certifications
School of Management | Master of Computer Applications | 2020 - 2024,education
Email: candidate@example.com,other
Won first prize in college project competition,achievements
AWS Cloud Practitioner Certification,certifications
Worked as HR Executive with PeopleFirst HR from 2019 to 2021.,experience
Achievement: Reduced processing time by 25%,achievements
"Core Skills: Scikit-learn, Python, Pandas, Data Cleaning, Power BI, Machine Learning, Matplotlib",skills
Worked as Software Developer with DataVision Analytics from 2022 to 2024.,experience
"Motivated Marketing Executive with knowledge of Google Analytics, Email Marketing, Keyword Research, Google Ads and a strong interest in solving real-world problems.",summary
"Motivated Recruiter with knowledge of Payroll, Employee Engagement, Performance Management, Onboarding and a strong interest in solving real-world problems.",summary
Achieved top performer recognition,achievements
Worked as Machine Learning Engineer with Tech Solutions Pvt Ltd from 2021 to Present.,experience
"Built Time Series Forecasting with EDA, Data Cleaning, Power BI.",projects
"Motivated SEO Specialist with knowledge of Google Ads, SEO, Keyword Research, Meta Ads and a strong interest in solving real-world problems.",summary
"E-Commerce Web Application: Developed using Bootstrap, JavaScript, FastAPI.",projects
Bachelor of Computer Applications from ABC University (2018 - 2021),education
Achievement: Improved campaign engagement by 35%,achievements
"Motivated Machine Learning Engineer with knowledge of SQL, Python, Data Cleaning, Scikit-learn and a strong interest in solving real-world problems.",summary
"Built Service Provider System with Git, HTML, Python.",projects
"Built Marketing Analytics Dashboard with Social Media Marketing, Keyword Research, Email Marketing.",projects
Recognized for: Reduced processing time by 25%,achievements
AWS Cloud Practitioner Certification,certifications
XYZ College | Master of Business Administration | 2018 - 2021,education
GitHub: github.com/candidate,other
"Built Sales Analytics Dashboard with Power BI, Pandas, Scikit-learn.",projects
"Motivated HR Manager with knowledge of HRMS, Payroll, Communication, Recruitment and a strong interest in solving real-world problems.",summary
GitHub: github.com/candidate,other
"FastAPI, MySQL, MongoDB, JavaScript, CSS, HTML, Git",skills
Award: Achieved top performer recognition,achievements
"Languages: English, Hindi, Gujarati",other
Achieved top performer recognition,achievements
"Technical Skills: Email Marketing, Content Marketing, SEO, Social Media Marketing",skills
Achievement: Won first prize in college project competition,achievements
Achieved top performer recognition,achievements
"Languages: English, Hindi, Gujarati",other
"Full Stack Developer at PeopleFirst HR, 2021 - 2022. Worked on Java related tasks.",experience
Certification: Human Resources Management Certification,certifications
"Payroll, Communication, HRMS",skills
Worked as HR Executive with DataVision Analytics from 2022 to 2024.,experience
LinkedIn: linkedin.com/in/candidate,other
Award: Received Employee of the Month award,achievements
"Built Service Provider System with HTML, FastAPI, CSS.",projects
Certification: Google Data Analytics Professional Certificate,certifications
"Full Stack Developer at Growth Digital Agency, 2022 - Present. Worked on MySQL related tasks.",experience
"Core Skills: Power BI, Machine Learning, Matplotlib",skills
"Bachelor of Science in Information Technology, ABC University, 2020 - 2024",education
"Motivated Talent Acquisition Executive with knowledge of Communication, Talent Acquisition, Onboarding, Payroll and a strong interest in solving real-world problems.",summary
"HR Analytics Dashboard: Developed using HRMS, Talent Acquisition, Recruitment.",projects
XYZ College | Master of Business Administration | 2023 - 2025,education
"Digital Marketing Executive at Tech Solutions Pvt Ltd, 2023 - 2024. Worked on Email Marketing related tasks.",experience
Achievement: Improved campaign engagement by 35%,achievements
"Web Developer at Tech Solutions Pvt Ltd, 2024 - 2026. Worked on MongoDB related tasks.",experience
Skills: Recruitment | Payroll | Communication | Employee Engagement | Performance Management | HRMS,skills
"Motivated Talent Acquisition Executive with knowledge of Onboarding, Communication, Employee Engagement, Payroll and a strong interest in solving real-world problems.",summary
"Bachelor of Computer Applications, School of Management, 2020 - 2024",education
"Built E-Commerce Web Application with MongoDB, Java, Bootstrap.",projects
"SEO Specialist at DataVision Analytics, 2022 - 2023. Worked on Google Analytics related tasks.",experience
"SEO Optimization Project: Developed using Google Analytics, Email Marketing, Meta Ads.",projects
Award: Reduced processing time by 25%,achievements
"Master of Business Administration, ABC University, 2023 - 2026",education
"Technical Skills: MySQL, MongoDB, Python, CSS, Git",skills
Certified in Digital Marketing Certification,certifications
"Surat, Gujarat, India",other
"Motivated Data Scientist with knowledge of Power BI, NumPy, Scikit-learn, Data Cleaning and a strong interest in solving real-world problems.",summary
Date of Birth: 12 January 2002,other
Email: candidate@example.com,other
"Project - Social Media Growth Campaign. Used Meta Ads, Social Media Marketing, Email Marketing to solve a practical problem.",projects
"Frontend Developer at Growth Digital Agency, 2021 - 2023. Worked on Git related tasks.",experience
"Performance Management, Communication, Onboarding",skills
"Motivated Software Developer with knowledge of Java, MongoDB, CSS, FastAPI and a strong interest in solving real-world problems.",summary
"Project - Marketing Analytics Dashboard. Used Social Media Marketing, Google Analytics, Google Ads to solve a practical problem.",projects
Worked as Web Developer with DataVision Analytics from 2021 to 2023.,experience
"Bachelor of Business Administration, School of Management, 2022 - 2025",education
"Bachelor of Commerce, XYZ College, 2022 - 2025",education
Recognized for: Achieved top performer recognition,achievements
GitHub: github.com/candidate,other
Certified in Python for Data Science Certificate,certifications
"Business Analyst at Growth Digital Agency, 2024 - 2026. Worked on Data Cleaning related tasks.",experience
"Motivated Talent Acquisition Executive with knowledge of Communication, Recruitment, Employee Engagement, Onboarding and a strong interest in solving real-world problems.",summary
"Technical Skills: Email Marketing, SEO, Meta Ads",skills
"Core Skills: Git, MySQL, CSS, Python, Java, JavaScript",skills
"Built Service Provider System with MongoDB, Python, FastAPI.",projects
"Motivated Machine Learning Engineer with knowledge of Scikit-learn, Pandas, Data Cleaning, Machine Learning and a strong interest in solving real-world problems.",summary
GitHub: github.com/candidate,other
"Social Media Growth Campaign: Developed using Content Marketing, Meta Ads, SEO.",projects
Achievement: Achieved top performer recognition,achievements
Worked as SEO Specialist with Tech Solutions Pvt Ltd from 2023 to 2024.,experience
Completed Python for Data Science Certificate,certifications
"Project - Anomaly Detection System. Used SQL, Python, NumPy to solve a practical problem.",projects
Bachelor of Commerce from Institute of Technology (2021 - 2023),education
Achievement: Achieved top performer recognition,achievements
"Motivated Frontend Developer with knowledge of MySQL, Python, Java, JavaScript and a strong interest in solving real-world problems.",summary
"Technical Skills: Email Marketing, Content Marketing, SEO, Google Ads, Keyword Research, Meta Ads, Google Analytics",skills
Skills: Git | MySQL | JavaScript | HTML | CSS,skills
Bachelor of Computer Applications from PES University (2022 - 2026),education
"Motivated Frontend Developer with knowledge of Python, HTML, Git, FastAPI and a strong interest in solving real-world problems.",summary
Certification: Python for Data Science Certificate,certifications
"Surat, Gujarat, India",other
Worked as Data Analyst with Growth Digital Agency from 2021 to 2023.,experience
"Talent Acquisition Executive at PeopleFirst HR, 2022 - 2024. Worked on Employee Engagement related tasks.",experience
"Power BI, Scikit-learn, Machine Learning, Data Cleaning, Matplotlib, Pandas",skills
"Master of Computer Applications, School of Management, 2023 - 2026",education
"Motivated Business Analyst with knowledge of Power BI, SQL, NumPy, EDA and a strong interest in solving real-world problems.",summary
Date of Birth: 12 January 2002,other
"Motivated Talent Acquisition Executive with knowledge of Performance Management, Talent Acquisition, Communication, Recruitment and a strong interest in solving real-world problems.",summary
"Technical Skills: Content Marketing, Google Ads, Google Analytics",skills
"Motivated Software Developer with knowledge of Python, HTML, Java, Git and a strong interest in solving real-world problems.",summary
"Project - Inventory Management System. Used JavaScript, FastAPI, MySQL to solve a practical problem.",projects
"Master of Computer Applications, Institute of Technology, 2018 - 2022",education
"Languages: English, Hindi, Gujarati",other
Date of Birth: 12 January 2002,other
AWS Cloud Practitioner Certification,certifications
Digital Marketing Certification,certifications
"Scikit-learn, Data Cleaning, Python, EDA, NumPy, Power BI, Matplotlib",skills
Worked as Recruiter with Growth Digital Agency from 2021 to Present.,experience
Phone: +91 9876543210,other
XYZ College | Master of Computer Applications | 2023 - 2025,education
"Motivated Social Media Manager with knowledge of Social Media Marketing, SEO, Meta Ads, Google Ads and a strong interest in solving real-world problems.",summary
School of Management | Bachelor of Computer Applications | 2019 - 2022,education
Completed AWS Cloud Practitioner Certification,certifications
Worked as Data Scientist with Growth Digital Agency from 2019 to Present.,experience
Recognized for: Improved campaign engagement by 35%,achievements
"HR Manager at Growth Digital Agency, 2019 - 2020. Worked on Talent Acquisition related tasks.",experience
"Data Scientist at Growth Digital Agency, 2019 - 2021. Worked on Pandas related tasks.",experience
Recognized for: Reduced processing time by 25%,achievements
"Web Developer at PeopleFirst HR, 2022 - Present. Worked on JavaScript related tasks.",experience
AWS Cloud Practitioner Certification,certifications
Phone: +91 9876543210,other
Worked as Data Analyst with DataVision Analytics from 2021 to 2022.,experience
PES University | Bachelor of Science in Information Technology | 2020 - 2023,education
"Built Social Media Growth Campaign with SEO, Social Media Marketing, Email Marketing.",projects
"Surat, Gujarat, India",other
"Languages: English, Hindi, Gujarati",other
Worked as Frontend Developer with DataVision Analytics from 2022 to 2024.,experience
Completed Human Resources Management Certification,certifications
Certification: Google Data Analytics Professional Certificate,certifications
Phone: +91 9876543210,other
Bachelor of Business Administration from Institute of Technology (2023 - 2025),education
"Social Media Growth Campaign: Developed using Google Analytics, Google Ads, Email Marketing.",projects
"Languages: English, Hindi, Gujarati",other
"Motivated Frontend Developer with knowledge of Java, JavaScript, HTML, Git and a strong interest in solving real-world problems.",summary
"Bachelor of Science in Information Technology, School of Management, 2021 - 2024",education
Worked as HR Manager with PeopleFirst HR from 2020 to 2022.,experience
Certified in Python for Data Science Certificate,certifications
"Motivated Web Developer with knowledge of Bootstrap, HTML, MySQL, MongoDB and a strong interest in solving real-world problems.",summary
"SEO Specialist at Growth Digital Agency, 2021 - 2022. Worked on Google Analytics related tasks.",experience
Award: Received Employee of the Month award,achievements
Won first prize in college project competition,achievements
"Motivated Frontend Developer with knowledge of FastAPI, CSS, Java, MySQL and a strong interest in solving real-world problems.",summary
Award: Achieved top performer recognition,achievements
Achievement: Achieved top performer recognition,achievements
Worked as Recruiter with Growth Digital Agency from 2023 to Present.,experience
Date of Birth: 12 January 2002,other
"Technical Skills: Talent Acquisition, Performance Management, Communication, Employee Engagement, Payroll",skills
Recognized for: Won first prize in college project competition,achievements
"Motivated Software Developer with knowledge of Python, CSS, HTML, Java and a strong interest in solving real-world problems.",summary
"Motivated Full Stack Developer with knowledge of Bootstrap, HTML, JavaScript, CSS and a strong interest in solving real-world problems.",summary
"Social Media Manager at ABC Technologies, 2020 - 2021. Worked on SEO related tasks.",experience
"Surat, Gujarat, India",other
Phone: +91 9876543210,other
Certified in AWS Cloud Practitioner Certification,certifications
"Built HR Analytics Dashboard with Employee Engagement, Talent Acquisition, Onboarding.",projects
"SEO Specialist at Growth Digital Agency, 2020 - 2022. Worked on Meta Ads related tasks.",experience
Python for Data Science Certificate,certifications
"Core Skills: FastAPI, Bootstrap, CSS, Git, Python",skills
ABC University | Master of Business Administration | 2021 - 2025,education
Award: Achieved top performer recognition,achievements
Recognized for: Reduced processing time by 25%,achievements
"Built Sales Analytics Dashboard with EDA, Scikit-learn, Matplotlib.",projects
"SEO Specialist at ABC Technologies, 2022 - Present. Worked on Social Media Marketing related tasks.",experience
Received Employee of the Month award,achievements
Recognized for: Achieved top performer recognition,achievements
Certified in Python for Data Science Certificate,certifications
Date of Birth: 12 January 2002,other
Certification: AWS Cloud Practitioner Certification,certifications
"Bachelor of Commerce, School of Management, 2024 - 2027",education
Improved campaign engagement by 35%,achievements
Skills: Communication | Performance Management | Talent Acquisition | Employee Engagement | Payroll,skills
LinkedIn: linkedin.com/in/candidate,other
Phone: +91 9876543210,other
Worked as Data Scientist with DataVision Analytics from 2024 to 2026.,experience
Recognized for: Reduced processing time by 25%,achievements
Digital Marketing Certification,certifications
Date of Birth: 12 January 2002,other
"Inventory Management System: Developed using Git, MongoDB, MySQL.",projects
"Project - Employee Performance Study. Used Recruitment, Communication, Payroll to solve a practical problem.",projects
"Motivated Data Scientist with knowledge of Scikit-learn, Pandas, Data Cleaning, Matplotlib and a strong interest in solving real-world problems.",summary
"Motivated Data Analyst with knowledge of Matplotlib, SQL, Machine Learning, Power BI and a strong interest in solving real-world problems.",summary
"Master of Computer Applications, XYZ College, 2022 - 2025",education
Award: Achieved top performer recognition,achievements
"Core Skills: Talent Acquisition, Employee Engagement, HRMS, Payroll",skills
"Talent Acquisition, Payroll, Performance Management, Employee Engagement, HRMS, Onboarding",skills
Python for Data Science Certificate,certifications
"HR Manager at Growth Digital Agency, 2024 - Present. Worked on Talent Acquisition related tasks.",experience
Worked as Full Stack Developer with ABC Technologies from 2021 to 2023.,experience
"Bachelor of Business Administration, ABC University, 2022 - 2026",education
"Marketing Executive at ABC Technologies, 2021 - Present. Worked on Meta Ads related tasks.",experience
"Built Marketing Analytics Dashboard with SEO, Social Media Marketing, Email Marketing.",projects
"Core Skills: FastAPI, MySQL, Java, HTML, JavaScript, Git, Bootstrap",skills
"Core Skills: Google Ads, Google Analytics, Keyword Research, Email Marketing, Social Media Marketing",skills
Worked as Machine Learning Engineer with PeopleFirst HR from 2022 to Present.,experience
"Python, Matplotlib, Scikit-learn, NumPy",skills
"Core Skills: Java, HTML, Python",skills
Received Employee of the Month award,achievements
"Languages: English, Hindi, Gujarati",other
"Motivated Data Scientist with knowledge of Scikit-learn, NumPy, Python, Matplotlib and a strong interest in solving real-world problems.",summary
"Motivated HR Executive with knowledge of Employee Engagement, Talent Acquisition, Performance Management, Payroll and a strong interest in solving real-world problems.",summary
Date of Birth: 12 January 2002,other
Achieved top performer recognition,achievements
"Motivated Social Media Manager with knowledge of Meta Ads, SEO, Content Marketing, Google Analytics and a strong interest in solving real-world problems.",summary
Skills: Bootstrap | FastAPI | JavaScript | Java | CSS,skills
"Technical Skills: Data Cleaning, Python, Power BI, Scikit-learn",skills
Certification: Human Resources Management Certification,certifications
XYZ College | Bachelor of Computer Applications | 2021 - 2025,education
"Bachelor of Business Administration, XYZ College, 2019 - 2022",education
Skills: MongoDB | Java | JavaScript | Python,skills
"Frontend Developer at ABC Technologies, 2022 - Present. Worked on MySQL related tasks.",experience
Worked as Web Developer with Tech Solutions Pvt Ltd from 2021 to 2023.,experience
Skills: Employee Engagement | Performance Management | Onboarding | Recruitment | Talent Acquisition | Communication | Payroll,skills
"Motivated Data Scientist with knowledge of Scikit-learn, Data Cleaning, NumPy, Machine Learning and a strong interest in solving real-world problems.",summary
Bachelor of Commerce from School of Management (2021 - 2024),education
"Bachelor of Commerce, Institute of Technology, 2020 - 2024",education
Completed AWS Cloud Practitioner Certification,certifications
Certification: Digital Marketing Certification,certifications
Achievement: Received Employee of the Month award,achievements
Email: candidate@example.com,other
"Built Recruitment Tracking System with Payroll, Onboarding, Recruitment.",projects
Certified in Human Resources Management Certification,certifications
"Machine Learning Engineer at PeopleFirst HR, 2021 - Present. Worked on Scikit-learn related tasks.",experience
Certified in Python for Data Science Certificate,certifications
Worked as Machine Learning Engineer with DataVision Analytics from 2023 to 2025.,experience
"HR Executive at Tech Solutions Pvt Ltd, 2024 - Present. Worked on Talent Acquisition related tasks.",experience
"Built Online Booking Platform with JavaScript, Git, Python.",projects
"Online Booking Platform: Developed using JavaScript, Bootstrap, Python.",projects
Institute of Technology | Bachelor of Commerce | 2021 - 2023,education
"Customer Churn Prediction: Developed using Scikit-learn, Python, Machine Learning.",projects
Bachelor of Commerce from XYZ College (2023 - 2026),education
"Technical Skills: Java, HTML, MongoDB, JavaScript, Bootstrap, Python, Git",skills
"Motivated Social Media Manager with knowledge of Meta Ads, Google Ads, Social Media Marketing, Content Marketing and a strong interest in solving real-world problems.",summary
Certified in Google Data Analytics Professional Certificate,certifications
LinkedIn: linkedin.com/in/candidate,other
Certification: Python for Data Science Certificate,certifications
"Project - Time Series Forecasting. Used Python, Data Cleaning, Scikit-learn to solve a practical problem.",projects
Institute of Technology | Bachelor of Computer Applications | 2019 - 2022,education
"Core Skills: Keyword Research, Google Ads, SEO, Google Analytics, Email Marketing, Content Marketing, Social Media Marketing",skills
Certified in Human Resources Management Certification,certifications
"Recruiter at ABC Technologies, 2021 - 2022. Worked on Payroll related tasks.",experience
"Marketing Analytics Dashboard: Developed using Keyword Research, Email Marketing, Google Analytics.",projects
"Technical Skills: HTML, Java, FastAPI",skills
Completed Python for Data Science Certificate,certifications
Achievement: Won first prize in college project competition,achievements
Achievement: Improved campaign engagement by 35%,achievements
"Online Booking Platform: Developed using CSS, HTML, Java.",projects
"Built Recruitment Tracking System with Payroll, Employee Engagement, Communication.",projects
Worked as Recruiter with PeopleFirst HR from 2020 to 2022.,experience
PES University | Bachelor of Business Administration | 2020 - 2023,education
Achieved top performer recognition,achievements
Date of Birth: 12 January 2002,other
LinkedIn: linkedin.com/in/candidate,other
"Master of Computer Applications, XYZ College, 2022 - 2024",education
LinkedIn: linkedin.com/in/candidate,other
"Project - Sales Analytics Dashboard. Used Pandas, EDA, Matplotlib to solve a practical problem.",projects
"Core Skills: Employee Engagement, Payroll, HRMS, Talent Acquisition",skills
Completed Google Data Analytics Professional Certificate,certifications
"Motivated Machine Learning Engineer with knowledge of SQL, EDA, NumPy, Pandas and a strong interest in solving real-world problems.",summary
"Built Time Series Forecasting with Matplotlib, NumPy, EDA.",projects
Worked as Business Analyst with ABC Technologies from 2022 to Present.,experience
Phone: +91 9876543210,other
Phone: +91 9876543210,other
"Recruitment Tracking System: Developed using Onboarding, Employee Engagement, Talent Acquisition.",projects
"Built Employee Performance Study with HRMS, Payroll, Onboarding.",projects
Worked as Data Analyst with Tech Solutions Pvt Ltd from 2020 to 2022.,experience
"Anomaly Detection System: Developed using Pandas, Matplotlib, SQL.",projects
Python for Data Science Certificate,certifications
"JavaScript, HTML, MySQL, Bootstrap, Git, MongoDB, FastAPI",skills
Achievement: Received Employee of the Month award,achievements
"Data Scientist at PeopleFirst HR, 2020 - Present. Worked on Matplotlib related tasks.",experience
PES University | Master of Computer Applications | 2022 - 2026,education
"Motivated Social Media Manager with knowledge of Social Media Marketing, Google Ads, Meta Ads, Email Marketing and a strong interest in solving real-world problems.",summary
"Bachelor of Business Administration, ABC University, 2019 - 2021",education
"Core Skills: Data Cleaning, Scikit-learn, NumPy, EDA, Pandas, SQL, Machine Learning",skills
Completed Python for Data Science Certificate,certifications
"Motivated Recruiter with knowledge of Talent Acquisition, Performance Management, Communication, Employee Engagement and a strong interest in solving real-world problems.",summary
"Surat, Gujarat, India",other
Date of Birth: 12 January 2002,other
